state,city,address,zip code
AL,Auburn,346 W Magnolia Ave,36832
AL,Opelika,2125 Interstate Dr,36801
GA,Columbus,5295 Whittlesey Blvd,31909
GA,Columbus,3201 Macon Rd,31906
AL,Montgomery,2560 Berryhill Rd,36117
AL,Birmingham,300 20th St S,35233
AL,Birmingham,3220 Morrow Rd,35235
AL,Birmingham,4719 Highway 280,35242
AL,Cullman,1821 Cherokee Ave SW,35055
AL,Huntsville,5900 University Dr NW,35806
AL,Vestavia Hills,1031 Montgomery Hwy,35216
AL,Hoover,1759 Montgomery Hwy,35244
AL,Mobile,3871 Airport Blvd,36608
AL,Mobile,7765 Airport Blvd,36608
AL,Prattville,2566 Cobbs Ford Rd,36066
AL,Tuscaloosa,1203 University Blvd,35401
AL,Tuscaloosa,1800 McFarland Blvd E,35404
AZ,Avondale,9925 W McDowell Rd,85392
AZ,Phoenix,7427 W Thomas Rd,85033
AZ,Goodyear,1560 N Litchfield Rd,85395
AZ,Glendale,9410 W Hanna Ln,85305
AZ,Glendale,5849 W Northern Ave,85301
AZ,Buckeye,944 S Watson Rd,85326
AZ,Surprise,13869 W Bell Rd,85374
AZ,Casa Grande,1775 E Florence Blvd,85122
AZ,Maricopa,21423 N John Wayne Pkwy,85139
AZ,Queen Creek,21172 S Ellsworth Loop Rd,85142
AZ,Chandler,2895 S Alma School Rd,85286
AZ,Gilbert,3757 S Gilbert Rd,85297
AZ,Cave Creek,5355 E Carefree Hwy,85331
AZ,Phoenix,21001 N Tatum Blvd,85050
AZ,Scottsdale,20851 N Scottsdale Rd,85255
AZ,Phoenix,2470 W Happy Valley Rd,85085
AZ,Phoenix,16635 N Tatum Blvd,85032
AZ,Chandler,3395 W Chandler Blvd,85226
AZ,Chandler,890 N 54th St,85226
AZ,Flagstaff,1111 S Plaza Way,86001
AZ,Sedona,361 Forest Rd,86336
AZ,Gilbert,1084 S Gilbert Rd,85296
AZ,Gilbert,1546 N Cooper Rd,85233
AZ,Gilbert,2224 E Williams Field Rd,85295
AZ,Glendale,20004 N 67th Ave,85308
AZ,Glendale,5880 W Thunderbird Rd,85306
AZ,Glendale,7700 W Arrowhead Towne Ctr,85308
AZ,Green Valley,18725 S Nogales Hwy,85614
AZ,Tucson,1202 W Irvington Rd,85714
AZ,Tucson,905 E University Blvd,85719
AZ,Tucson,5870 E Broadway Blvd,85711
AZ,Tucson,9484 E 22nd St,85710
AZ,Kingman,3455 N Stockton Hill Rd,86409
AZ,Lake Havasu City,55 Lake Havasu Ave S,86403
AZ,Laveen,5130 W Baseline Rd,85339
AZ,Phoenix,11 W Washington St,85003
AZ,Phoenix,1515 N 7th Ave,85007
AZ,Phoenix,2415 E Baseline Rd,85042
AZ,Marana,5940 W Arizona Pavillions Dr,85743
AZ,Tucson,7555 N La Cholla Blvd,85741
AZ,Tucson,235 W Wetmore Rd,85705
AZ,Oro Valley,10604 N Oracle Rd,85737
AZ,Tucson,3055 N Campbell Ave,85719
AZ,Phoenix,4111 E Chandler Blvd,85048
AZ,Mesa,1229 E McKellips Rd,85203
AZ,Mesa,1335 S Alma School Rd,85210
AZ,Mesa,1411 S Power Rd,85206
AZ,Mesa,1955 S Signal Butte Rd,85209
AZ,Mesa,2849 N Power Rd,85215
AZ,Mesa,3440 E Baseline Rd,85204
AZ,Mesa,4984 S Power Rd,85212
AZ,Peoria,16680 N 83rd Ave,85382
AZ,Peoria,9940 W Happy Valley Pkwy,85383
AZ,Phoenix,100 E Camelback Rd,85012
AZ,Phoenix,1660 E Camelback Rd,85016
AZ,Phoenix,1818 W Bethany Home Rd,85015
AZ,Phoenix,2450 W Bell Rd,85023
AZ,Phoenix,3009 W Agua Fria Fwy,85027
AZ,Phoenix,3039 W Peoria Ave,85029
AZ,Phoenix,3125 E Indian School Rd,85016
AZ,Phoenix,425 E Bell Rd,85022
AZ,Phoenix,4423 E. Thomas Road,85018
AZ,Phoenix,4622 E Cactus Rd,85032
AZ,Phoenix,4705 E Broadway Rd,85040
AZ,Prescott,351 N Montezuma St,86301
AZ,Prescott Valley,5791 E State Route 69,86314
AZ,Scottsdale,11015 N Scottsdale Rd,85254
AZ,Scottsdale,15035 N Thompson Peak Pkwy,85260
AZ,Scottsdale,15425 N Scottsdale Rd,85254
AZ,Scottsdale,2805 N Scottsdale Rd,85257
AZ,Scottsdale,4513 N Scottsdale Rd,85251
AZ,Scottsdale,7014 E Camelback Rd,85251
AZ,Scottsdale,8320 N Hayden Rd,85258
AZ,Scottsdale,9010 E Talking Stick Way,85250
AZ,Scottsdale,9301 E Shea Blvd,85260
AZ,Sierra Vista,480 N Highway 90 Byp,85635
AZ,Tempe,1038 S Mill Ave,85281
AZ,Tempe,1655 W Elliot Rd,85284
AZ,Tempe,2000 E Rio Salado Pkwy,85281
AZ,Tempe,2020 E Elliot Rd,85284
AZ,Tempe,815 E Baseline Rd,85283
AZ,Tucson,4774 E Grant Rd,85712
AZ,Tucson,6501 E Grant Rd,85715
AZ,Yuma,1525 S Yuma Palms Pkwy,85365
AZ,Yuma,3080 S 4th Avenue,85364
AR,Bentonville,2400 SE Walton Blvd,72712
AR,Fayetteville,3379 N College Ave,72703
AR,Fayetteville,550 W Dickson St,72701
AR,Conway,915 E Oak St,72032
AR,Little Rock,11525 Cantrell Rd,72212
AR,Little Rock,100 S University Ave,72205
CA,Alameda,2314 S Shore Ctr,94501
CA,Alameda,2610 5th St,94501
CA,Alhambra,2121 W Main St,91801
CA,Pasadena,246 S Lake Ave,91101
CA,Monterey Park,2180 S Atlantic Blvd,91754
CA,Pasadena,1687 E Colorado Blvd,91106
CA,Temple City,5809 Rosemead Blvd,91780
CA,Aliso Viejo,26661 Aliso Creek Rd,92656
CA,Laguna Niguel,27221 La Paz Rd,92677
CA,Lake Forest,23645 El Toro Road,92630
CA,Mission Viejo,27750 Crown Valley Pkwy,92691
CA,Mission Viejo,Vc10 Shops At Mission Viejo,92691
CA,Anaheim,2002 E Lincoln Ave,92806
CA,Anaheim,5631 E La Palma Ave,92807
CA,Anaheim,8182 E Santa Ana Canyon Rd,92808
CA,Anaheim,927 S Euclid St,92802
CA,Apple Valley,19179 Bear Valley Rd,92308
CA,Hesperia,9770 Mariposa Rd,92345
CA,Rialto,186 E Easton St,92376
CA,Fontana,16595 Sierra Lakes Pkwy,92336
CA,Redlands,27511 San Bernardino Ave,92374
CA,Arcadia,400 S Baldwin Ave,91007
CA,Pasadena,3409 E Foothill Blvd,91107
CA,Monrovia,608 W Huntington Dr,91016
CA,Arroyo Grande,1229 E Grand Ave,93420
CA,San Luis Obispo,297 Madonna Rd,93405
CA,Santa Maria,232 E Betteravia Rd,93454
CA,Paso Robles,98 Niblick Rd,93446
CA,Auburn,2845 Bell Rd,95603
CA,Rocklin,5194 Commons Dr,95677
CA,Roseville,781 Pleasant Grove Blvd,95678
CA,Roseville,1136 Galleria Blvd,95678
CA,Roseville,3988 Douglas Blvd,95661
CA,Azusa,860 E Alosta Ave,91702
CA,Glendora,1365 E Gladstone St,91740
CA,West Covina,143 N Barranca St,91791
CA,West Covina,427 Plaza Dr,91790
CA,Baldwin Park,13916 Garvey Ave,91706
CA,Bakersfield,10510 Stockdale Hwy,93311
CA,Bakersfield,2630 Mt Vernon Avenue,93306
CA,Bakersfield,2701 Ming Ave,93304
CA,Bakersfield,4580 Coffee Rd,93308
CA,Bakersfield,4950 Stockdale Hwy,93309
CA,Bakersfield,5321 Gosford Rd,93313
CA,Baldwin Hills,3939 Crenshaw Blvd,90008
CA,Los Angeles,4550 W Pico Blvd,90019
CA,Los Angeles,6719 La Tijera Blvd,90045
CA,Los Angeles,3748 S Figueroa St,90007
CA,Culver City,9512 Culver Blvd,90232
CA,City Of Industry,15495 Valley Blvd,91746
CA,Banning,300 S Highland Springs Ave,92220
CA,Cabazon,48557 Morongo Trail,92230
CA,Hemet,2465 W Florida Ave,92545
CA,Redlands,635 Orange St,92374
CA,Perris,1870 N Perris Blvd,92571
CA,Barstow,2590 High Point Pkwy,92311
CA,Berkeley,1050 Gilman St,94710
CA,Berkeley,2225 Shattuck Ave,94704
CA,Berkeley,2311 Telegraph Ave,94704
CA,Beverly Hills,244 S Beverly Dr,90212
CA,Beverly Hills,475 N Beverly Dr,90210
CA,Brea,1065 Brea Mall,92821
CA,Brea,477 S Associated Rd,92821
CA,Brentwood,5401 Lone Tree Way,94513
CA,Pittsburg,4418 Century Blvd,94565
CA,Concord,785 Oak Grove Rd,94518
CA,Concord,2002 Salvio St,94520
CA,Danville,33 Railroad Ave,94526
CA,Buena Park,5976 Orangethorpe Ave,90620
CA,Cerritos,12560 Artesia Blvd,90703
CA,Cerritos,459 Los Cerritos Mall,90703
CA,Cypress,6859 Katella Ave,90630
CA,Cerritos,10826 Alondra Blvd,90703
CA,Burbank,135 E Palm Ave,91502
CA,Burbank,4012 W Riverside Dr,91505
CA,Palm Springs,2465 E Palm Canyon Dr,92264
CA,Camarillo,660 Ventura Blvd,93010
CA,Oxnard,369 W Esplanade Dr,93036
CA,Thousand Oaks,935 Broadbeck Dr,91320
CA,Ventura,1145 S Victoria Ave,93003
CA,Oxnard,1291 S Victoria Ave,93035
CA,Campbell,1815 S Bascom Ave,95008
CA,San Jose,2007 Camden Ave,95124
CA,San Jose,369 S Winchester Blvd,95128
CA,San Jose,2855 Stevens Creek Blvd,95050
CA,San Jose,975 The Alameda,95126
CA,Canoga Park,6600 Topanga Canyon Blvd,91303
CA,Woodland Hills,6443 Canoga Ave,91367
CA,Woodland Hills,5430 Topanga Canyon Blvd,91367
CA,Chatsworth,9175 De Soto Ave,91311
CA,Tarzana,18700 Ventura Blvd,91356
CA,Capitola,1955 41st Ave,95010
CA,Santa Cruz,550 River St,95060
CA,Los Gatos,640 Blossom Hill Rd,95032
CA,San Jose,1110 Blossom Hill Rd,95118
CA,Carlsbad,2505 Palomar Airport Rd,92011
CA,Carlsbad,3416 Via Mercato,92009
CA,Carson,20420 Avalon Blvd,90746
CA,Gardena,1755 W Artesia Blvd,90248
CA,Compton,1759 S Alameda St,90220
CA,Torrance,24631 Crenshaw Blvd,90505
CA,Torrance,3525 W Carson St,90503
CA,Castro Valley,3369 Castro Valley Blvd,94546
CA,San Leandro,1505 E 14th St,94577
CA,Union City,30920 Dyer St,94587
CA,Oakland,8460 Edgewater Dr,94621
CA,San Ramon,2421 San Ramon Valley Blvd,94583
CA,Northridge,19332 Nordhoff St,91324
CA,Northridge,9205 Reseda Blvd,91324
CA,Chico,1960 E 20th St,95928
CA,Chico,620 Mangrove Ave,95926
CA,Chino,12188 Central Ave,91710
CA,Chino Hills,13920 City Center Dr,91709
CA,Ontario,2200 S Grove Ave,91761
CA,Claremont,885 S Indian Hill Blvd,91711
CA,Pomona,785 Rio Rancho Rd,91766
CA,Diamond Bar,235 S Diamond Bar Blvd,91765
CA,Chula Vista,2290 Otay Lakes Rd,91915
CA,Chula Vista,569 H St,91910
CA,Chula Vista,720 Otay Lakes Rd,91910
CA,Citrus Heights,5851 Sunrise Blvd,95610
CA,Fair Oaks,5223 Hazel Ave,95628
CA,Gold River,2350 Sunrise Blvd,95670
CA,Sacramento,5040 Auburn Blvd,95841
CA,Rancho Cordova,2878 Zinfandel Dr,95670
CA,City Of Industry,17501 Colima Rd,91748
CA,Montclair,9177 Central Ave,91763
CA,La Verne,2298 Foothill Blvd,91750
CA,Upland,1092 N Mountain Ave,91786
CA,Clovis,1210 Shaw Ave,93612
CA,Clovis,1840 Herndon Ave,93611
CA,Colma,990 Serramonte Blvd,94014
CA,Daly City,213 Westlake Ctr,94015
CA,San Bruno,1150 El Camino Real,94066
CA,San Francisco,3251 20th Ave,94132
CA,San Francisco,1523 Sloat Blvd,94132
CA,Commerce,150 Citadel Dr,90040
CA,Montebello,545 N Montebello Blvd,90640
CA,Pico Rivera,8888 Whittier Blvd,90660
CA,South Gate,4709 Firestone Blvd,90280
CA,Paramount,15754 Paramount Blvd,90723
CA,Lakewood,5310 Lakewood Blvd,90712
CA,Signal Hill,959 E. Spring Street,90755
CA,Corona,1160 E Ontario Ave,92881
CA,Corona,2560 Tuscany St,92881
CA,Costa Mesa,2300 Harbor Blvd,92626
CA,Costa Mesa,260 Bristol St,92626
CA,Culver City,4114 Sepulveda Blvd,90230
CA,Culver City,6000 Sepulveda Blvd,90230
CA,Culver City,6150 W Slauson Ave,90230
CA,Cupertino,10385 S De Anza Blvd,95014
CA,Cupertino,20688 Homestead Rd,95014
CA,Garden Grove,9737 Chapman Ave,92841
CA,Westminster,6777 Westminster Blvd,92683
CA,Seal Beach,12359 Seal Beach Blvd,90740
CA,San Ramon,132 Sunset Dr,94583
CA,Walnut Creek,1158 Locust St,94596
CA,Lafayette,3518 Mt Diablo Blvd,94549
CA,Davis,227 E St,95616
CA,West Sacramento,775 Ikea Ct,95605
CA,Sacramento,615 David J Stern Walk,95814
CA,Sacramento,4001 Freeport Blvd,95822
CA,Sacramento,1601 Broadway,95818
CA,Del Mar,2710 Via De La Valle,92014
CA,San Diego,3881 Valley Centre Dr,92130
CA,Encinitas,268 N El Camino Real,92024
CA,San Diego,8250 Mira Mesa Blvd,92126
CA,Walnut,21710 Valley Blvd,91789
CA,Downey,8500 Firestone Blvd,90241
CA,Downey,8890 Apollo Way,90242
CA,Dublin,5240 Dublin Blvd,94568
CA,Dublin,7020 Amador Plaza Rd,94568
CA,El Cajon,225 Jamacha Rd,92019
CA,Santee,9828 Mission Gorge Rd,92071
CA,La Mesa,8005 Fletcher Pkwy,91942
CA,San Diego,5500 Campanile Dr,92182
CA,San Diego,6083 El Cajon Blvd,92115
CA,El Cerrito,9901 San Pablo Ave,94530
CA,Oakland,3017 Broadway,94611
CA,El Segundo,307 N Pacific Coast Hwy,90245
CA,Hawthorne,5330 W Rosecrans Ave,90250
CA,Hermosa Beach,1439 Pacific Coast Hwy,90254
CA,Inglewood,2944 West Imperial Hwy.,90303
CA,Elk Grove,4730 Elk Grove Blvd,95758
CA,Elk Grove,7440 Laguna Blvd,95758
CA,San Marcos,575 Grand Ave,92078
CA,Escondido,1201 E Valley Pkwy,92027
CA,Escondido,1282 Auto Park Way,92029
CA,Escondido,200 E Via Rancho Pkwy,92025
CA,Eureka,2626 Broadway Street,95501
CA,Folsom,1001 E Bidwell St,95630
CA,Fairfield,1586 Gateway Blvd,94533
CA,Vacaville,1620 E Monte Vista Ave,95688
CA,Napa,304 Soscol Ave,94559
CA,Vallejo,1195 Admiral Callaghan Ln,94591
CA,Napa,1715 Trancas St,94558
CA,Folsom,2379 Iron Point Rd,95630
CA,Fontana,10515 Sierra Ave,92337
CA,Foothill Ranch,26552 Towne Centre Dr,92610
CA,Lake Forest,22379 El Toro Rd,92630
CA,Irvine,6424 Irvine Blvd,92620
CA,Irvine,731 Spectrum Center Dr,92618
CA,Foster City,2019 Chess Dr,94404
CA,San Mateo,1050 Park Pl,94403
CA,San Carlos,1135 Industrial Rd,94070
CA,Redwood City,861 Middlefield Rd,94063
CA,Millbrae,135 S El Camino Real,94030
CA,Fountain Valley,17150 Brookhurst St,92708
CA,Fountain Valley,18951 Brookhurst St,92708
CA,Fremont,2760 Mowry Ave,94538
CA,Fremont,44029 Osgood Rd,94539
CA,Fremont,5565 Auto Mall Pkwy,94538
CA,Fresno,3520 N Blackstone Ave,93726
CA,Fresno,4424 W Shaw Ave,93722
CA,Fresno,4978 N Cedar Ave,93726
CA,Fresno,5128 N Palm Ave,93704
CA,Fresno,80 E Nees Ave,93720
CA,Fullerton,101 E Orangethorpe Ave,92832
CA,Fullerton,501 N State College Blvd,92831
CA,Santa Ana,629 S Harbor Blvd,92704
CA,Torrance,21300 Hawthorne Blvd,90503
CA,Gilroy,6955 Camino Arroyo,95020
CA,Morgan Hill,775 Cochrane Rd,95037
CA,Salinas,1748 N Main St,93906
CA,San Jose,5670 Cottle Rd,95123
CA,Glendale,1135 Glendale Galleria,91210
CA,Glendale,132 N Glendale Ave,91206
CA,Glendale,155 N Brand Blvd,91203
CA,Goleta,270 Storke Rd,93117
CA,Santa Barbara,3851 State St,93105
CA,Ventura,488 S Mills Rd,93003
CA,Granada Hills,16959 Devonshire St,91344
CA,Mission Hills,10384 Sepulveda Blvd,91345
CA,Northridge,8420 Balboa Blvd,91325
CA,Hanford,366 N 12th Ave,93230
CA,Selma,3120 Floral Ave,93662
CA,Visalia,4219 S Mooney Blvd,93277
CA,Tulare,1108 E Prosperity Ave,93274
CA,Menifee,30024 Haun Rd,92584
CA,Redondo Beach,1430 S Pacific Coast Hwy,90277
CA,Rancho Cucamonga,7879 Monticello Ave,91739
CA,Huntington Beach,16241 Beach Blvd,92647
CA,Huntington Beach,7101 Yorktown Ave,92648
CA,Imperial Beach,801 Palm Ave,91932
CA,National City,404 Mile Of Cars Way,91950
CA,National City,3030 Plaza Bonita Rd,91950
CA,Irvine,3955 Irvine Blvd,92602
CA,Irvine,3966 Barranca Pkwy,92606
CA,Irvine,4255 Campus Dr,92612
CA,La Canada Flintridge,895 Foothill Blvd,91011
CA,Los Angeles,5047 Eagle Rock Blvd,90041
CA,La Habra,1202 S Idaho St,90631
CA,Whittier,15528 Whittier Blvd,90603
CA,La Jolla,8657 Villa La Jolla Dr,92037
CA,San Diego,8750 Genesee Ave,92122
CA,San Diego,5650 Balboa Ave,92111
CA,San Diego,7081 Clairemont Mesa Blvd,92111
CA,San Diego,1504 Garnet Ave,92109
CA,La Quinta,79174 Highway 111,92253
CA,Palm Desert,72333 Highway 111,92260
CA,Palm Desert,34100 Monterey Ave,92211
CA,Pleasant Hill,60 Crescent Dr,94523
CA,Pleasant Hill,552 Contra Costa Blvd,94523
CA,Laguna Niguel,32391 Golden Lantern,92677
CA,Lancaster,855 W. Avenue K.,93534
CA,Palmdale,1125 W Rancho Vista Blvd,93551
CA,Santa Clarita,19085 Golden Valley Rd,91387
CA,Valencia,28102 Newhall Ranch Rd,91355
CA,Valencia,24405 Town Center Dr,91355
CA,Lebec,5602 Dennis McCarthy Dr,93243
CA,Livermore,3238 Livermore Outlets Dr,94551
CA,Livermore,4691 1st St,94551
CA,Lodi,2310 Tienda Dr,95242
CA,Lodi,2601 Reynolds Ranch Pkwy,95240
CA,Long Beach,1800 Ximeno Ave,90815
CA,Long Beach,245 Pine Ave,90802
CA,Long Beach,6324 E Pacific Coast Hwy,90803
CA,Los Angeles,10250 Santa Monica Blvd,90067
CA,Los Angeles,1077 Broxton Ave,90024
CA,Los Angeles,110 S Fairfax Ave,90036
CA,Los Angeles,1122 W 6th St,90017
CA,Los Angeles,11690 San Vicente Blvd,90049
CA,Los Angeles,11711 National Blvd,90064
CA,Los Angeles,1460 Vine St,90028
CA,Los Angeles,2134 W Sunset Blvd,90026
CA,Los Angeles,301 N Larchmont Blvd,90004
CA,Los Angeles,301 W Olympic Blvd,90015
CA,Los Angeles,3183 Wilshire Blvd,90010
CA,Los Angeles,5550 Wilshire Blvd,90036
CA,Los Angeles,601 W 7th St,90017
CA,Los Angeles,7101 Melrose Ave,90046
CA,Los Angeles,7660 W Sunset Blvd,90046
CA,Los Angeles,8420 Beverly Blvd,90048
CA,San Jose,1645 Saratoga Ave,95129
CA,Madera,2180 W Cleveland Ave,93637
CA,Malibu,3822 Cross Creek Rd,90265
CA,Pacific Palisades,15207 W Sunset Blvd,90272
CA,Westlake Village,5754 Lindero Canyon Rd,91362
CA,Santa Monica,1218 3rd Street Promenade,90401
CA,Manteca,1442 Hulsey Way,95336
CA,Modesto,3401 Dale Rd,95356
CA,Modesto,1801 McHenry Ave,95350
CA,Riverbank,2207 Claribel Rd,95367
CA,Tracy,2512 Naglee Rd,95304
CA,Marina,140 General Stillwell Drive,93933
CA,Sand City,2140 California Ave,93955
CA,Monterey,560 Munras Ave,93940
CA,Monterey,500 Del Monte Ctr,93940
CA,Marina Del Rey,4718 Admiralty Way,90292
CA,Martinez,1061 Arnold Dr,94553
CA,Murrieta,40940 California Oaks Rd,92562
CA,Temecula,26440 Ynez Rd,92591
CA,Merced,3110 R St,95348
CA,Turlock,3090 Countryside Dr,95380
CA,Milpitas,246 Great Mall Dr,95035
CA,San Jose,1095 E Brokaw Rd,95131
CA,Santa Clara,3952 Rivermark Plz,95054
CA,San Jose,4180 N 1st St,95134
CA,San Jose,361 N Capitol Ave,95133
CA,Mira Loma,12411 Limonite Ave,91752
CA,Norco,1409 Hamner Ave,92860
CA,Ontario,1 Mills Cir,91764
CA,Rancho Cucamonga,11334 4th St,91730
CA,San Fernando,1100 Truman St,91340
CA,Panorama City,7940 Van Nuys Blvd,91402
CA,Mission Viejo,25523 Marguerite Pkwy,92692
CA,Upland,1053 E 19th St,91784
CA,Rosemead,3616 Rosemead Blvd,91770
CA,Moreno Valley,12625 Frederick St,92553
CA,Riverside,8956 Trautwein Rd,92508
CA,Riverside,3525 Riverside Plaza Dr,92506
CA,San Bernardino,1092 E Hospitality Ln,92408
CA,San Jose,2990 E Capitol Expy,95148
CA,Mountain View,1039 El Monte Ave,94040
CA,Mountain View,2400 Charleston Rd,94043
CA,Temecula,32195 Temecula Pkwy,92592
CA,Newark,34883 Newark Blvd,94560
CA,Newport Beach,1322 Bison Ave,92660
CA,Newport Beach,3101 Newport Blvd,92663
CA,Riverside,3510 Tyler St,92503
CA,North Hollywood,13075 Victory Blvd,91606
CA,North Hollywood,5240 Lankershim Blvd,91601
CA,Novato,880 De Long Ave,94945
CA,San Rafael,5800 Northgate Dr,94903
CA,San Rafael,345 3rd St,94901
CA,Petaluma,401 Kenilworth Dr,94952
CA,Pinole,2696 Pinole Valley Rd,94564
CA,Oakland,3271 Lakeshore Ave,94610
CA,Oceanside,2611 Vista Way,92054
CA,Oceanside,4111 Oceanside Blvd,92056
CA,Oceanside,495 College Blvd,92057
CA,Orange,2202 N Tustin St,92865
CA,Orange,3440 E Chapman Ave,92869
CA,Oroville,325 Oroville Dam Blvd,95965
CA,Yuba City,1005 Gray Ave,95991
CA,Santa Monica,2025 Wilshire Blvd,90403
CA,Palo Alto,180 El Camino Real,94304
CA,Palo Alto,2675 El Camino Real,94306
CA,Van Nuys,5600 Van Nuys Blvd,91401
CA,Rohnert Park,6325 Commerce Blvd,94928
CA,Santa Rosa,2182 Santa Rosa Ave,95407
CA,Santa Rosa,336A Coddingtown Ctr,95401
CA,Whittier,10120 Carmenita Rd,90605
CA,Placentia,1474 N Kraemer Blvd,92870
CA,Placerville,3987 Missouri Flat Rd,95667
CA,Pleasanton,6654 Koll Center Pkwy,94566
CA,Porterville,1174 W Henderson Ave,93257
CA,Poway,13495 Poway Rd,92064
CA,San Diego,11134 Rancho Carmel Dr,92128
CA,San Diego,10550 Craftsman Way,92127
CA,San Diego,2750 Bauer Road,92145
CA,Sacramento,3328 El Camino Ave,95821
CA,Rancho Cucamonga,10811 Foothill Blvd,91730
CA,Rancho Santa Margarita,22245 El Paseo,92688
CA,Redding,961 Dana Dr,96003
CA,Rolling Hills Estates,4C Peninsula Ctr,90274
CA,Rialto,1314 S Riverside Ave,92376
CA,Sacramento,1729 Howe Ave,95825
CA,Sacramento,1831 Capitol Ave,95811
CA,Sacramento,2517 Fair Oaks Blvd,95825
CA,Sacramento,2800 Del Paso Road,95835
CA,Sacramento,3830 Truxel Rd,95834
CA,Sacramento,5738 Folsom Blvd,95819
CA,Sacramento,8124 Delta Shores Cir S,95832
CA,San Clemente,806 Avenida Pico,92673
CA,San Diego,101 W Broadway,92101
CA,San Diego,1025 Camino De La Reina,92108
CA,San Diego,3680 Rosecrans St,92110
CA,San Diego,734 University Ave,92103
CA,San Francisco,121 4th St,94103
CA,San Francisco,126 New Montgomery St,94105
CA,San Francisco,211 Sutter St,94104
CA,San Francisco,2675 Geary Boulevard,94118
CA,San Francisco,400 Howard St,94105
CA,San Francisco,50 California St,94111
CA,San Francisco,525 Market Street,94105
CA,San Francisco,865 Market St,94103
CA,San Jose,1 S Market St,95113
CA,San Jose,1566 Monterey Hwy,95110
CA,San Jose,540 Newhall Dr,95110
CA,Vista,30 Main St,92083
CA,San Pedro,940 N Western Ave,90732
CA,Santa Ana,1313 W 17th St,92706
CA,Santa Ana,2773 N Main St,92705
CA,Santa Ana,3705 S Bristol St,92704
CA,Santa Clara,2002 El Camino Real,95050
CA,Santa Clara,3249 Coronado Pl,95054
CA,Sherman Oaks,14006 Riverside Dr,91423
CA,Sherman Oaks,14708 Ventura Blvd,91403
CA,Simi Valley,1263 Simi Town Center Way,93065
CA,Thousand Oaks,162 W Hillcrest Dr,91360
CA,Walnut Park,2110 E Florence Ave,90255
CA,South Lake Tahoe,3640-A Lake Tahoe Blvd,96150
NV,Carson City,1457 S Carson St,89701
NV,Reno,537 S Meadows Pkwy,89521
NV,Reno,6395 S McCarran Blvd,89509
NV,Reno,5144 Mae Anne Ave,89523
CA,Stockton,10710 Trinity Pkwy,95219
CA,Stockton,4940 Pacific Ave,95207
CA,Studio City,12175 Ventura Blvd,91604
CA,Sunnyvale,324 W El Camino Real,94087
CA,Tustin,13348 Newport Ave,92780
CA,Tustin,15040 Kensington Park Dr,92782
CA,Ukiah,596 E Perkins St,95482
CO,Arvada,12550 W 64th Ave,80004
CO,Arvada,5324 Wadsworth Byp,80002
CO,Arvada,8797 Wadsworth Blvd,80003
CO,Aurora,1205 S Havana St,80012
CO,Aurora,13700 E Colfax Ave,80011
CO,Aurora,15280 E Iliff Ave,80014
CO,Aurora,2300 S Parker Rd,80247
CO,Aurora,24100 E Commons Ave,80016
CO,Aurora,3455 Salida St,80011
CO,Aurora,4205 S Buckley Rd,80013
CO,Aurora,6710 S Cornerstar Way,80016
CO,Boulder,1650 28th St,80301
CO,Boulder,919 Pearl St,80302
CO,Brighton,2046 Prairie Center Pkwy,80601
CO,Thornton,951 E 120th Ave,80233
CO,Westminster,14452 Orchard Pkwy,80023
CO,Thornton,815 Thornton Pkwy,80229
CO,Denver,4490 Peoria St,80239
CO,Castle Rock,5642 Allen Way,80108
CO,Lone Tree,9500 Heritage Hills Cir,80124
CO,Parker,18701 E Mainstreet,80134
CO,Highlands Ranch,9579 S University Blvd,80126
CO,Lone Tree,8515 Park Meadows Center Dr,80124
CO,Centennial,12073 E Arapahoe Rd,80112
CO,Centennial,20209 E Smoky Hill Rd,80015
CO,Centennial,8255 S Chester St,80112
CO,Colorado Springs,1370 Garden Of The Gods Rd,80907
CO,Colorado Springs,17 S Tejon St,80903
CO,Colorado Springs,2130 Southgate Rd,80906
CO,Colorado Springs,3026 New Center Pt,80922
CO,Colorado Springs,5079 N Academy Blvd,80918
CO,Colorado Springs,5102 N Nevada Ave,80918
CO,Colorado Springs,7818 N Academy Blvd,80920
CO,Colorado Springs,895 N Academy Blvd,80909
CO,Commerce City,5988 Dahlia St,80022
CO,Denver,7400 E 29th Ave,80238
CO,Denver,2500 E Colfax Ave,80206
CO,Denver,1600 California St,80202
CO,Denver,140 Steele St,80206
CO,Denver,1480 16th St,80202
CO,Denver,1644 E Evans Ave,80210
CO,Denver,2760 S Colorado Blvd,80222
CO,Denver,3600 W 32nd Ave,80211
CO,Denver,371 E Alameda Ave,80209
CO,Denver,550 N Broadway,80203
CO,Denver,7350 E Hampden Ave,80231
CO,Denver,745 Colorado Blvd,80206
CO,Denver,8100 W Crestline Ave,80123
CO,Denver,820 S Monaco Pkwy,80224
CO,Englewood,333 W Hampden Ave,80110
CO,Littleton,5699 S Broadway,80121
CO,Federal Heights,10320 Federal Blvd,80260
CO,Westminster,5160 W 120th Ave.,80020
CO,Fort Collins,2120 E Harmony Rd,80528
CO,Fort Collins,649 S College Ave,80525
CO,Grand Junction,2504 Highway 6 And 50,81505
CO,Greeley,807 17th St,80631
CO,Loveland,1569 Fall River Dr,80538
CO,Loveland,1421 W Eisenhower Blvd,80537
CO,Greenwood Village,6570 S Yosemite St,80111
CO,Greenwood Village,8000 E Belleview Ave,80111
CO,Highlands Ranch,2209 W Wildcat Reserve Pkwy,80129
CO,Lafayette,548 W South Boulder Rd,80026
CO,Louisville,375 McCaslin Blvd,80027
CO,Lakewood,14255 W Colfax Ave,80401
CO,Lakewood,145 Union Blvd,80228
CO,Lakewood,3170 S Wadsworth Blvd,80227
CO,Lakewood,355 S Wadsworth Blvd,80226
CO,Lakewood,7355 W Colfax Ave,80214
CO,Littleton,12512 W Ken Caryl Ave,80127
CO,Littleton,7515 S University Blvd,80122
CO,Littleton,8501 W Bowles Ave,80123
CO,Longmont,1100 Ken Pratt Blvd,80501
CO,Longmont,1708 Main Street,80501
CO,Parker,18320 Cottonwood Dr,80138
CO,Pueblo,3230 N Elizabeth St,81008
CO,Silverthorne,247-C Rainbow St,80498
CO,Westminster,7303 Federal Blvd,80030
CO,Wheat Ridge,3294 Youngfield St,80033
CT,Branford,2 Commercial Pkwy,6405
CT,New Haven,910 Chapel St,6510
CT,West Haven,354 Saw Mill Rd,6516
CT,Hamden,2165 Dixwell Ave,6514
CT,Milford,1319 Boston Post Rd,6460
CT,Bridgeport,275 E Main St,6608
CT,Fairfield,340 Grasmere Ave,6824
CT,Shelton,701 Bridgeport Ave,6484
CT,Canton,110 Albany Tpke,6019
CT,West Hartford,966 Farmington Ave,6107
CT,West Hartford,1457 New Britain Ave,6110
CT,Southington,785 Queen St,6489
CT,Newington,3575 Berlin Tpke,6111
CT,Danbury,115 Mill Plain Rd,6811
CT,Danbury,7 Backus Ave,6810
CT,Darien,71 Post Rd,6820
CT,Darien,I-95 Darien Nb Service Plaza,6820
CT,Enfield,7 Hazard Ave,6082
MA,East Longmeadow,42 Center Square,1028
MA,West Springfield,219 Memorial Ave,1089
MA,Chicopee,530 Memorial Dr,1020
CT,Manchester,48 Hale Road,6042
CT,Glastonbury,140 Glastonbury Blvd,6033
CT,Wethersfield,1084 Silas Deane Hwy,6109
CT,Wallingford,1094 N Colony Rd,6492
CT,Middletown,808 Washington St,6457
CT,Riverside,1233 E Putnam Ave,6878
NY,Rye Brook,100 S Ridge St,10573
NY,White Plains,250 Main St,10601
DE,Dover,1141 N Dupont Hwy,19901
DE,Middletown,657 Middletown Warwick Rd,19709
DE,New Castle,115A S Dupont Hwy,19720
DE,Newark,132 Christiana Mall,19702
DE,Newark,60 Geoffrey Dr,19713
DE,Newark,136 E Main St,19711
DE,Wilmington,3700 Kirkwood Hwy,19808
DE,Rehoboth Beach,36453 Seaside Outlet Dr,19971
MD,Ocean City,12909 Ocean Gtwy,21842
MD,Salisbury,2408B N Salisbury Blvd,21801
MD,Salisbury,1016 S Salisbury Blvd,21801
DE,Wilmington,2209 Concord Pike,19803
FL,Altamonte Springs,400 W State Road 436,32714
FL,Fern Park,103 State Road 436,32730
FL,Apopka,2201 E Semoran Blvd,32703
FL,Winter Park,525 S Orlando Ave,32789
FL,Lake Mary,4315 W Lake Mary Blvd,32746
FL,Ocoee,10149 W Colonial Dr,34761
FL,Aventura,18815 Biscayne Blvd,33180
FL,Miami,19565 Biscayne Blvd,33180
FL,North Miami,14776 Biscayne Blvd,33181
FL,Hollywood,1774 Sheridan St,33020
FL,Dania Beach,1780 Stirling Rd,33004
FL,Boca Raton,1666 N Federal Hwy,33432
FL,Boca Raton,2301 Glades Rd,33431
FL,Boca Raton,5560 N Military Trl,33496
FL,Boca Raton,7028 W Palmetto Park Rd,33433
FL,Boca Raton,9930 Glades Rd,33434
FL,Boynton Beach,1620 S Federal Hwy,33435
FL,Boynton Beach,1780 N Congress Ave,33426
FL,Boynton Beach,8790 Boynton Beach Blvd,33472
FL,Bradenton,1608 Cortez Rd W,34207
FL,Sarasota,97 N Cattlemen Rd,34243
FL,Lakewood Ranch,11715 State Road 70 E,34202
FL,Sarasota,1707 S Tamiami Trl,34239
FL,Sarasota,5354 Fruitville Rd,34232
FL,Brandon,103 Brandon Town Center Dr,33511
FL,Brandon,459 Brandon Town Center Mall,33511
FL,Brandon,829 E Bloomingdale Ave,33511
FL,Brooksville,13207 Cortez Blvd,34613
FL,Port Richey,9203 US Highway 19,34668
FL,Lutz,25442 Sierra Center Boulevard,33559
FL,New Port Richey,3286 Word Way,34653
FL,Tampa,18019 Highwoods Preserve Pkwy,33647
FL,Cape Coral,2060 NE Pine Island Rd,33909
FL,Cape Coral,2207 Del Prado Blvd S,33990
FL,Clearwater,2537 Countryside Blvd,33761
FL,Clearwater,2662 Gulf To Bay Blvd,33759
FL,Clearwater,5360 E Bay Dr,33764
FL,Clermont,1495 E Hwy 50,34711
FL,Winter Garden,13599 W Colonial Dr,34787
FL,Winter Garden,3317 Daniels Rd,34787
FL,Windermere,9100 Conroy Windermere Rd,34786
FL,Coral Springs,1775 N University Dr,33071
FL,Coral Springs,4220 N State Road 7,33073
FL,Coral Springs,4600 N University Dr,33067
FL,Cutler Bay,19151 S Dixie Hwy,33157
FL,Miami,15221 SW 127th Avenue,33186
FL,Pinecrest,12227 South Dixie Highway,33156
FL,Miami,10600 N Kendall Dr,33176
FL,Miami,13612 SW 88th St,33186
FL,Fort Lauderdale,1515 SE 17th St,33316
FL,Fort Lauderdale,2610 W Broward Blvd,33312
FL,Davie,5796 South University Dr,33328
FL,Davenport,1091 Posner Blvd,33837
FL,Orlando,8124 W. Irlo Bronson Highway,34747
FL,Kissimmee,6210 W Irlo Bronson Memorial Hwy,34747
FL,Kissimmee,3275 Vineland Rd,34746
FL,Orlando,11513 Regency Village Dr,32821
FL,Davie,2110 S University Dr,33324
FL,Daytona Beach,1425-A Cornerstone Blvd,32117
FL,Daytona Beach,2400 W International Speedway Blvd,32114
FL,Deerfield Beach,777 S Federal Hwy,33441
FL,Pompano Beach,2390 N Federal Hwy,33062
FL,Deland,2335 S. Woodland Blvd.,32720
FL,Sanford,1805 WP Ball Blvd,32771
FL,Port Orange,1731 Dunlawton Ave,32127
FL,Delray Beach,4789 W Atlantic Ave,33445
FL,Delray Beach,520 Linton Blvd,33444
FL,Destin,4281 Legendary Dr,32541
FL,Panama City Beach,100 Pier Park Dr,32413
FL,Panama City,500 E 23rd St,32405
FL,Doral,2000 NW 87th Ave,33172
FL,Miami,7230 NW 36th St,33166
FL,Miami,10141 W Flagler St,33174
FL,Miami,2200 SW 87th Ave,33165
FL,Miami,1700 NW 117th Place,33182
FL,Estero,22941 Lyden Dr,33928
FL,Fort Myers,10010 University Plaza Drive,33913
FL,Naples,9100 Strada Pl,34108
FL,Fort Myers,12635 S Cleveland Ave,33907
FL,Fort Myers,8061 Dani Dr,33966
FL,Winter Springs,5637 Red Bug Lake Rd,32708
FL,Fort Lauderdale,1736 N Federal Hwy,33305
FL,Fort Lauderdale,4850 N Federal Hwy,33308
FL,Ft Lauderdale,6320 N Andrews Ave,33309
FL,Gainesville,1432 W University Ave,32603
FL,Gainesville,2225 NW 13th St,32609
FL,Gainesville,3841 SW Archer Rd,32608
FL,Greenacres,6714 Forest Hill Blvd,33413
FL,Wellington,1000 S State Road 7,33414
FL,Lake Worth,6177 S Jog Rd,33467
FL,West Palm Beach,2380 Palm Beach Lakes Blvd,33409
FL,Hialeah,18461 NW 67th Ave,33015
FL,Hialeah,405 W 49th St,33012
FL,Hialeah,7925 Hialeah Gardens Blvd,33018
FL,Homestead,2500 NE 10th Ct,33033
FL,Jacksonville,11113 San Jose Blvd,32223
FL,Jacksonville,13546 Beach Blvd,32224
FL,Jacksonville,13920 Old St Augustine Rd,32258
FL,Jacksonville,4865 Town Center Pkwy,32246
FL,Jacksonville,790 Skymarks Dr,32218
FL,Jacksonville,8635 Blanding Blvd,32244
FL,Jacksonville,9395 Atlantic Blvd,32225
FL,Jacksonville,9671 Argyle Forest Blvd,32222
FL,Jacksonville Beach,1758 3rd St S,32250
FL,Jupiter,6274 W Indiantown Rd,33458
FL,Palm Beach Gardens,5240 Donald Ross Road,33418
FL,Palm Beach Gardens,3101 Pga Blvd,33410
FL,Palm Beach Gardens,4655 Pga Blvd,33418
FL,Kissimmee,3254 N John Young Pkwy,34741
FL,Lakeland,3434 S Florida Ave,33803
FL,Lakeland,4204 US Hwy 98 N,33809
FL,Largo,10160 Ulmerton Rd,33771
FL,Seminole,11241 Park Blvd,33772
FL,Pinellas Park,3700 Park Blvd N,33781
FL,Lauderhill,5435 N University Dr,33351
FL,Plantation,1760 N University Dr,33322
FL,Sunrise,12801 W Sunrise Blvd,33323
FL,Temple Terrace,5114 E Fowler Ave,33617
FL,Tampa,2576 E Fowler Ave,33612
FL,Tampa,12827 N Dale Mabry Hwy,33618
FL,Melbourne,1563 W New Haven Ave,32904
FL,Melbourne,2322 Harnett Dr,32940
FL,Miami,110 NW 42nd Ave,33126
FL,Miami,2235 SW 37th Ave,33145
FL,Miami Lakes,8000 NW 154th St,33016
FL,Miramar,3231 SW 160th Ave,33027
FL,Pembroke Pines,15880 Pines Blvd,33027
FL,Pembroke Pines,11041 Pines Blvd,33026
FL,Mount Dora,19025 US Highway 441,32757
FL,Naples,2085 Tamiami Trl N,34102
FL,Naples,6821 Collier Blvd,34114
FL,Palm Harbor,33121 US Highway 19 N,34684
FL,Tampa,7002 Gunn Hwy,33625
FL,Tampa,9466 W Linebaugh Ave,33626
FL,North Port,17019 Tamiami Trl,34287
FL,Ocala,2645 SW College Rd,34471
FL,Orlando,2850 S Kirkman Rd,32811
FL,Orlando,11680 University Blvd,32817
FL,Orlando,12278 Narcoossee Rd,32832
FL,Orlando,12648 S Orange Blossom Trl,32837
FL,Orlando,1700 Sand Lake Rd,32809
FL,Orlando,2211 S Orange Ave,32806
FL,Orlando,2610 S Semoran Blvd,32822
FL,Orlando,2903 E Colonial Dr,32803
FL,Orlando,4200 Conroy Rd,32839
FL,Orlando,464 N Alafaya Trl,32828
FL,Orlando,4724 Millenia Plaza Way,32839
FL,Orlando,6607 S Semoran Blvd,32822
FL,Orlando,7800 Dr Phillips Blvd,32819
FL,Orlando,9202 Jeff Fuqua Blvd,32827
FL,Ormond Beach,1290 W Granada Blvd,32174
FL,Palm Coast,5860 State Road 100 E,32164
FL,Oviedo,327 E Mitchell Hammock Rd,32765
FL,South Miami,6290 S Dixie Hwy,33143
FL,Saint Petersburg,3540 4th St N,33704
FL,Saint Petersburg,1418 66th St N,33710
FL,Saint Petersburg,780 4th St N,33701
FL,Plantation,129 NW 136th Ave,33325
FL,Port Saint Lucie,1768 SW Saint Lucie West Blvd,34986
FL,Stuart,2421 NW Federal Hwy,34994
FL,Stuart,2181 SE Federal Hwy,34994
FL,Vero Beach,5855 20th St,32966
FL,Saint Augustine,1753 US Highway 1 S,32084
FL,Saint Cloud,4351 13th St,34769
FL,Tallahassee,1498 Apalachee Pkwy,32301
FL,Tallahassee,1801 W Tennessee St,32304
FL,Tallahassee,3425 Thomasville Rd,32309
FL,Tallahassee,699 W Gaines St,32304
FL,Tampa,2011 N Dale Mabry Hwy,33607
FL,Tampa,2223 N West Shore Blvd,33607
FL,Tampa,309 N West Shore Blvd,33609
FL,Tampa,3696 W Gandy Blvd,33611
FL,Tampa,533 S Howard Ave,33606
FL,Weston,4477 Weston Rd,33331
FL,Winter Haven,804 Cypress Gardens Blvd,33880
GA,Albany,2630 Dawson Rd,31707
GA,Alpharetta,10910 Haynes Bridge Rd,30022
GA,Alpharetta,5250 Windward Pkwy,30004
GA,Athens,165 Alps Rd,30606
GA,Loganville,4112 Atlanta Hwy,30052
GA,Buford,3350 Buford Dr,30519
GA,Snellville,1650 Scenic Highway S,30078
GA,Lawrenceville,860 Duluth Hwy,30043
GA,Atlanta,1080 Peachtree St NE,30309
GA,Atlanta,11700 Spine Rd.,30320
GA,Atlanta,123 Perimeter Ctr W,30346
GA,Atlanta,1401 Oxford Rd NE,30307
GA,Atlanta,1745 Peachtree St NE,30309
GA,Atlanta,2020 Howell Mill Rd NW,30318
GA,Atlanta,2078 Henderson Mill Rd NE,30345
GA,Atlanta,2963 N Druid Hills Rd NE,30329
GA,Atlanta,2973 Cobb Pkwy SE,30339
GA,Atlanta,3393 Peachtree Rd,30326
GA,Atlanta,3424 Piedmont Rd NE,30305
GA,Atlanta,4400 Ashford Dunwoody Rd NE,30346
GA,Atlanta,540 17th Street NW,30318
GA,Atlanta,718 Ponce De Leon Ave NE,30306
GA,Augusta,229 Robert C Daniel Jr Pkwy,30909
SC,North Augusta,362 E Martintown Rd,29841
GA,Austell,3999 Austell Rd,30106
GA,Kennesaw,954 Ernest W Barrett Pkwy NW,30144
GA,Suwanee,3186 Lawrenceville Suwanee Rd,30024
GA,Duluth,2190 Peachtree Industrial Blvd,30097
GA,Lawrenceville,4885 Sugarloaf Pkwy,30044
GA,Canton,2026 Cumming Hwy,30115
GA,Marietta,3606 Sandy Plains Rd,30066
GA,Roswell,10800 Alpharetta Hwy,30076
GA,Kennesaw,777 Townpark Ln NW,30144
GA,Chamblee,5001 Peachtree Blvd,30341
GA,Sandy Springs,4600 Roswell Rd,30342
GA,Conyers,1467 Highway 138 SE,30013
GA,Tucker,4347 Hugh Howell Rd,30084
GA,Decatur,198 W Ponce De Leon Ave,30030
GA,Cumming,905 Market Place Blvd,30041
GA,Duluth,11720 Medlock Bridge Rd,30097
GA,Dawsonville,285 Marketplace Blvd.,30534
GA,Gainesville,1134 Dawsonville Hwy,30501
GA,Duluth,2040 Pleasant Hill Rd,30096
GA,East Point,3330 Camp Creek Pkwy,30344
GA,Fayetteville,1135 Highway 85 N,30214
GA,Morrow,2011 Mount Zion Rd,30260
GA,Peachtree City,101 City Cir,30269
GA,Hinesville,806 W Oglethorpe Hwy,31313
GA,Pooler,6 Mill Creek Cir,31322
GA,Savannah,318 Mall Blvd,31406
GA,Savannah,1801 E Victory Dr,31404
GA,Macon,120 Tom Hill Sr Blvd,31210
GA,Warner Robins,133 Margie Dr,31093
GA,McDonough,1442 Highway 20 W,30253
GA,Marietta,1281 Johnson Ferry Rd,30068
GA,Newnan,1200 Highway 34 E,30265
GA,Norcross,5175 Peachtree Pkwy,30092
GA,Norcross,5485 Jimmy Carter Blvd.,30093
SC,Bluffton,1250 Fording Island Rd,29910
GA,Sandy Springs,5920 Roswell Rd,30328
ID,Boise,205 N Milwaukee St,83704
ID,Boise,305 S 6th St,83702
ID,Boise,7610 W State Street,83714
ID,Meridian,2126 N Eagle Rd,83646
IL,Addison,1078 N Rohlwing Rd,60101
IL,Bloomingdale,170 E Lake St,60108
IL,Villa Park,298 W North Ave,60181
IL,Elk Grove Village,910 Elk Grove Town Ctr,60007
IL,Bloomingdale,396 W Army Trail Rd,60108
IL,Algonquin,412 S Randall Rd,60102
IL,Crystal Lake,5006 Northwest Hwy,60014
IL,Elgin,2500 N Randall Rd,60124
IL,West Dundee,201 N 8th St,60118
IL,Hoffman Estates,4600 Hoffman Blvd,60192
IL,Arlington Heights,338 E Rand Rd,60004
IL,Palatine,781 E Dundee Rd,60074
IL,Mt Prospect,102 E Kensington Rd,60056
IL,Wheeling,1572 E Lake Cook Rd,60090
IL,Rolling Meadows,1211 Golf Rd,60008
IL,Aurora,1167 N Eola Rd,60502
IL,Aurora,1480 N Orchard Rd,60506
IL,Aurora,2902 Kirk Rd,60502
IL,Aurora,848 N Route 59,60504
IL,Berwyn,7140 Cermak Rd,60402
IL,Oak Park,1128 Lake St,60301
IL,Cicero,2201 S Cicero Ave,60804
IL,La Grange,40 N La Grange Rd,60525
IL,Melrose Park,1401 W North Ave,60160
IL,Bloomington,305 N Veterans Pkwy,61704
IL,Normal,1601 E College Ave,61761
IL,Normal,701 S Main St,61761
IL,East Peoria,300 W Washington St,61611
IL,Peoria,4512 N Sterling Ave I74,61615
IL,Bolingbrook,274 S Weber Rd,60490
IL,Bolingbrook,750 Janes Ave,60440
IL,Bourbonnais,1601 N State Route 50,60914
IL,Frankfort,11129 W Lincoln Hwy,60423
IL,Matteson,4815 211th St,60443
IL,New Lenox,641 E Lincoln Hwy,60451
IL,Mokena,19130 S La Grange Rd,60448
IL,Bridgeview,8813 S. Harlem Ave,60455
IL,Oak Lawn,6230 W 95th St,60453
IL,Chicago,7561 S. Cicero Avenue,60652
IL,Oak Lawn,11018 S Cicero Ave,60453
IL,Countryside,5801 S La Grange Rd,60525
IL,Champaign,528 E Green St,61820
IL,Champaign,903 W Anthony Dr,61821
IL,Chicago,10 E Jackson Blvd,60604
IL,Chicago,10 S La Salle St,60603
IL,Chicago,1025 W Belmont Ave,60657
IL,Chicago,1027 W Addison St,60613
IL,Chicago,1132 S Clinton St,60607
IL,Chicago,1142 S Wabash Ave,60605
IL,Chicago,1166 N State St,60610
IL,Chicago,1522 E 53rd St,60615
IL,Chicago,1733 N Damen Ave,60647
IL,Chicago,2000 N Clybourn Ave,60614
IL,Chicago,210 W North Ave,60610
IL,Chicago,2256 N Orchard Ave,60614
IL,Chicago,230 West Monroe Street,60606
IL,Chicago,2302 W 95th St,60643
IL,Chicago,233 W Lake St,60606
IL,Chicago,2640 N Narragansett Ave,60639
IL,Chicago,2743 N Elston Ave,60647
IL,Chicago,2809 N Ashland Ave,60657
IL,Chicago,291 E Ontario St,60611
IL,Chicago,311 S Wacker Dr,60606
IL,Chicago,316 N Michigan Ave,60601
IL,Chicago,3227 W Addison St,60618
IL,Chicago,3312 N Western Ave,60618
IL,Chicago,41 W. 87th Street,60620
IL,Chicago,4657 W Irving Park Rd,60641
IL,Chicago,5224 N Broadway St,60640
IL,Chicago,525 W Monroe St,60661
IL,Chicago,5330 S Pulaski Rd,60632
IL,Chicago,5961 N Lincoln Ave,60659
IL,Chicago,6 W Grand Ave,60654
IL,Chicago,610 W Diversey Pkwy,60614
IL,Chicago,6600 N Sheridan Rd,60626
IL,Chicago,725 S. Seeley Avenue,60612
IL,Chicago,8 E Madison St,60602
IL,Chicago,806 W 63rd St,60621
IL,Willowbrook,7173 S Kingery Hwy,60527
IL,Westmont,300 E Ogden Ave,60559
IL,Crestwood,13340 Cicero Ave,60418
IL,Tinley Park,15980 Harlem Ave,60477
IL,McHenry,2304 N Richmond Rd,60051
IL,Decatur,4165 N Water St,62526
IL,Springfield,2579 Wabash Ave,62704
IL,Deerfield,675 Deerfield Rd,60015
IL,Northbrook,786 Skokie Blvd,60062
IL,Glenview,3846 Willow Road,60062
IL,Lincolnshire,950 Milwaukee Ave,60069
IL,Glenview,2341 Willow Rd,60025
IL,Dekalb,1013 W Lincoln Hwy,60115
IL,Dekalb,2383 Sycamore Rd,60115
IL,Downers Grove,1203 Ogden Ave,60515
IL,Downers Grove,1556 Butterfield Rd,60515
IL,Effingham,1207 N Keller Dr,62401
IL,South Elgin,348 Randall Rd,60177
IL,Schaumburg,601 N Martingale Rd,60173
IL,Schaumburg,5 Woodfield Mall,60173
IL,Elmhurst,139 N York St,60126
IL,Elmhurst,353 S IL Route 83,60126
IL,Evanston,711 Church St,60201
IL,Lincolnwood,7150 N McCormick Blvd,60712
IL,Skokie,9408 Skokie Blvd,60077
IL,Fairview Heights,6415 N Illinois St,62208
MO,Saint Louis,212 S Grand Blvd,63103
MO,Saint Louis,1500 S Hanley Rd,63144
MO,Clayton,1 N Central Ave,63105
MO,Florissant,2391 N Highway 67,63033
IL,Orland Park,15240 S La Grange Rd,60462
IL,Franklin Park,2926 Mannheim Rd,60131
IL,Norridge,4234 N Harlem Ave,60706
IL,Geneva,1441 S Randall Rd,60134
IL,Saint Charles,3821 E Main St,60174
IL,Glen Ellyn,695 Roosevelt Rd,60137
IL,Wheaton,811 Butterfield Rd,60189
IL,Oakbrook Terrace,18W050 22nd St,60181
IL,Gurnee,6040 Gurnee Mills Cir E,60031
IL,Waukegan,940 S Waukegan Rd,60085
IL,Round Lake Beach,1936 IL Route 83,60073
IL,Libertyville,139 N Milwaukee Ave,60048
IL,Lake Bluff,945 Rockland Rd,60044
IL,Hoffman Estates,15 E Golf Rd,60169
IL,Homer Glen,14116 S Bell Rd,60491
IL,Lockport,16433 W 159th St,60441
IL,Homewood,17700 Halsted St,60430
IL,South Holland,559 E 162nd St,60473
IN,Munster,8201 Calumet Ave,46321
IL,Joliet,2609 W Jefferson St,60435
IL,Joliet,2848 Plainfield Rd,60435
IL,Kildeer,20505 Rand Rd,60047
IL,Oak Brook,2103 Clearwater Dr,60523
IL,Vernon Hills,375 N Milwaukee Ave,60061
IL,Skokie,5373 Touhy Ave,60077
IL,Romeoville,253 S Weber Road,60446
IL,Machesney Park,1570 W Lane Rd,61115
IL,Rockford,751 S Perryville Rd,61108
WI,Janesville,3515 Milton Ave,53545
IL,Moline,3941 41st Avenue Dr,61265
IA,Davenport,5270 Elmore Ave,52807
IL,Naperville,1516 N Naper Blvd,60563
IL,Naperville,22 E Chicago Ave,60540
IL,Naperville,2856 S Route 59,60564
IL,Niles,8488 W Golf Rd,60714
IL,Park Ridge,119 S Northwest Hwy,60068
IL,Rosemont,7020 Mannheim Rd,60018
IL,Oswego,2432 US Highway 34,60543
IL,Plainfield,12720 S Route 59,60585
IL,Peru,4349 Venture Dr,61354
IL,Wheaton,2119 W Roosevelt Rd,60187
IL,Schaumburg,2558 W Schaumburg Rd,60194
IN,Highland,10343 Indianapolis Blvd,46322
IL,Warrenville,28251 Diehl Rd,60555
IN,Aurora,1040 Green Blvd Rte 50,47001
KY,Hebron,2100 Medical Arts Dr,41048
KY,Burlington,1803 Patrick Dr,41005
OH,Harrison,589 Ring Rd,45030
KY,Florence,7516 Mall Rd,41042
IN,Avon,10403 E US Highway 36,46123
IN,Plainfield,350 S Perry Rd,46168
IN,Speedway,6321 Crawfordsville Rd,46224
IN,Indianapolis,601 Oscar Robertson Blvd,46202
IN,Indianapolis,6 E Washington St,46204
IN,Bloomington,2894 E 3rd St,47401
IN,Bloomington,420 E Kirkwood Ave,47408
IN,Carmel,12697 N Pennsylvania St,46032
IN,Carmel,2420 E 146th St,46033
IN,Columbus,2260 N National Rd,47201
IN,Indianapolis,8812 US 31 S,46227
IN,Crown Point,10715 Broadway,46307
IN,Merrillville,1948 Southlake Mall,46410
IN,Portage,6040 US Highway 6,46368
IN,Evansville,499 N Green River Rd,47715
IN,Fishers,9760 E 116th St,46037
IN,Noblesville,12831 Campus Pkwy,46060
IN,Indianapolis,4625 E 96th St,46240
IN,Indianapolis,5320 E 82nd St,46250
IN,Indianapolis,8702 Keystone Xing,46240
IN,Fort Wayne,4210 W Jefferson Blvd,46804
IN,Fort Wayne,6175 Lima Rd,46818
IN,Fort Wayne,910 E Coliseum Blvd,46805
IN,Indianapolis,1002 Broad Ripple Ave,46220
IN,Indianapolis,1560 E 86th St,46240
IN,Indianapolis,3340 W 86th St,46268
IN,Kokomo,1201 S Reed Rd,46902
IN,Westfield,829 E Sr 32,46074
IN,Lafayette,4030 South St,47905
IN,West Lafayette,200 W State St,47906
IN,West Lafayette,2400 N Salisbury St,47906
IN,Michigan City,5218 Franklin St,46360
IN,Valparaiso,2505 Laporte Ave,46383
IN,Mishawaka,5545 N Main St,46545
IN,South Bend,1251 N Eddy St,46617
IN,South Bend,202 W Ireland Rd,46614
IN,Richmond,3726 National Rd E,47374
OH,Oxford,1 W High St,45056
OH,Englewood,9208 N Main St,45415
OH,Hamilton,1455 Main St,45013
OH,Dayton,6759 Miller Ln,45414
IA,Ames,435 S Duff Ave,50010
IA,Ankeny,2125 SE Delaware Ave,50021
IA,Des Moines,3737 Merle Hay Rd,50310
IA,West Des Moines,1551 Valley West Dr,50266
IA,West Des Moines,490 S 68th St,50266
IA,Cedar Rapids,4444 1st Ave. NE,52402
IA,Iowa City,201 S Clinton St,52240
IA,Dubuque,3450 Dodge St,52003
IA,Sioux City,5001 Sergeant Rd,51106
KS,Derby,1700 N Rock Rd,67037
KS,Wichita,535 S Rock Rd,67207
KS,Wichita,515 N Hillside St,67214
KS,Wichita,3015 N Rock Rd,67226
KS,Wichita,2121 N Amidon Ave,67203
KS,Kansas City,1813 Village West Pkwy,66111
KS,Shawnee,22235 W 66th St,66226
KS,Shawnee,11805 Shawnee Mission Parkway,66203
KS,Mission,6864 Johnson Dr,66202
MO,Kansas City,6314 N Chatham Ave,64151
KS,Lawrence,1420 W 23rd St,66046
KS,Lawrence,4000 W 6th St,66049
KS,Lawrence,911 Massachusetts St,66044
KS,Leawood,5065 W 119th St,66209
KS,Overland Park,7040 W 135th St,66223
MO,Kansas City,13127 State Line Rd,64145
MO,Kansas City,10221 State Line Rd,64114
KS,Overland Park,9900 College Blvd,66210
KS,Lenexa,12150 W 95th St,66215
KS,Lenexa,16101 W 87th St Pkwy,66219
KS,Manhattan,606 N Manhattan Ave,66502
KS,Topeka,2040 SW Wanamaker Rd,66604
KS,Prairie Village,6920 Mission Rd,66208
MO,Kansas City,1713 W 39th St,64111
KS,Overland Park,6879 W 91st St,66212
KS,Olathe,14317 W. 135th St,66062
KS,Olathe,15100 W 119th St,66062
KS,Olathe,197 N Parker St,66061
KS,Olathe,20080 W 153rd St,66062
KS,Overland Park,11513 W 95th St,66214
KS,Overland Park,8301 W 151st St,66223
MO,Kansas City,501 W 75th St,64114
MO,Kansas City,4851 Main St,64112
KS,Salina,2375 S 9th St,67401
KS,Wichita,2241 N Maize Rd,67205
KS,Wichita,7130 W Maple St,67209
KY,Bowling Green,3040 Scottsville Rd,42104
TN,Hendersonville,214 Indian Lake Blvd,37075
KY,Florence,7915 Dream St,41042
KY,Union,9039 US Highway 42,41091
KY,Covington,501 W Fourth St,41011
OH,Cincinnati,1 Fountain Square Plz,45202
KY,Newport,93 Carothers Rd,41071
OH,Cincinnati,2507 W Clifton Ave,45219
OH,Cincinnati,258 Stetson St,45219
KY,Crescent Springs,525 Buttermilk Pike,41017
KY,Erlanger,3100 Dixie Hwy,41018
KY,Ft Mitchell,3459 Valley Plaza Pkwy,41017
OH,Cincinnati,5201 Delhi Rd,45238
KY,Highland Heights,2527 Wilson Rd,41076
OH,Cincinnati,5555 Glenway Ave,45238
KY,Lexington,1869 Plaudit Pl,40509
KY,Lexington,2905 Richmond Rd,40509
KY,Lexington,345 S Limestone,40508
KY,Lexington,3565 Nicholasville Rd,40503
KY,Louisville,10333 Westport Rd,40241
KY,Louisville,1075 Bardstown Rd,40204
KY,Louisville,13303 Shelbyville Rd,40223
KY,Louisville,315 S 4th St,40202
KY,Louisville,420 S Hurstbourne Pkwy,40222
LA,Baton Rouge,101 W State St,70802
LA,Gonzales,2410 Tanger Blvd,70737
LA,Bossier City,2610 Airline Dr,71111
LA,Shreveport,7030 Youree Dr,71105
LA,Harahan,1208 S Clearview Pkwy,70123
LA,Metairie,3600 Veterans Memorial Blvd,70002
LA,New Orleans,2801 Magazine St,70115
LA,Mandeville,3810 Highway 22,70471
LA,Slidell,400 Town Center Pkwy,70458
LA,Lafayette,4231 Ambassador Caffery Pkwy,70508
ME,Augusta,1 Stephen King Dr,4330
ME,Bangor,583 Stillwater Ave,4401
ME,Portland,195 Kennebec St,4101
ME,Westbrook,11 Main St,4092
ME,South Portland,359 Maine Mall Rd,4106
NH,Dover,826 Central Ave,3820
NH,Newington,45 Gosling Rd,3801
MD,Annapolis,2002 Annapolis Mall,21401
MD,Annapolis,36 Market Space,21401
MD,Aspen Hill,13501 Connecticut Ave,20906
MD,Rockville,11802 Rockville Pike,20852
MD,Wheaton,11160 Viers Mill Rd,20902
MD,Rockville,865 Rockville Pike,20852
MD,Kensington,10526 Connecticut Ave,20895
MD,Baltimore,1040 W 41st St,21211
MD,Baltimore,1209 N Charles St,21201
MD,Baltimore,2400 Boston St,21224
MD,Baltimore,300 West Pratt St,21201
MD,Baltimore,3201 Saint Paul St,21218
MD,Baltimore,501 Bayview Blvd,21224
MD,Baltimore,5341 Campbell Blvd,21236
MD,Baltimore,600 E Pratt St,21202
MD,Baltimore,6314 York Rd,21212
MD,Baltimore,919 E Fort Ave,21230
MD,Baltimore,Post Security - Ab Concourse Food Court,21240
MD,Bel Air,5 Bel Air S Pkwy,21014
MD,Forest Hill,1538 Rock Spring Rd,21050
MD,Rosedale,8652 Pulaski Hwy,21237
MD,Parkville,7711 Harford Rd,21234
MD,Bethesda,10400 Old Georgetown Rd,20814
MD,Bethesda,7101 Democracy Blvd,20817
MD,Bethesda,7600 Old Georgetown Rd,20814
MD,Bowie,10201 Martin Luther King Jr Hwy,20720
MD,Bowie,15475 Annapolis Rd,20715
MD,Bowie,15500 Excelsior Dr,20716
MD,Brandywine,16110 Cadillac Dr,20613
MD,Waldorf,3250 Crain Hwy,20603
MD,Clinton,8913 Woodyard Rd,20735
MD,La Plata,105 Drury Dr,20646
MD,Oxon Hill,158 National Plz,20745
MD,Camp Springs,3701 Branch Ave,20748
DC,Washington,1571 Alabama Ave SE,20032
MD,Forestville,3443 Donnell Dr,20747
DC,Washington,"413 8th Street, SE",20003
DC,Washington,1255 1st Street SE,20003
MD,Capitol Heights,9141 Alaking Ct,20743
MD,Lanham,9301 Woodmore Center Dr,20706
MD,Upper Marlboro,2 Watkins Park Dr,20774
MD,Chevy Chase,4471 Willard Ave,20815
DC,Washington,4301 Wisconsin Ave NW,20016
DC,Washington,2338 Wisconsin Ave NW,20007
DC,Washington,2600 Connecticut Ave NW,20008
MD,College Park,10250 Baltimore Ave,20740
MD,College Park,7332 Baltimore Ave,20740
MD,Columbia,10300 Little Patuxent Pkwy,21044
MD,Columbia,6181 Old Dobbin Ln,21045
MD,Damascus,9815 Main St,20872
MD,Mount Airy,439 E Ridgeville Blvd,21771
MD,Germantown,20940 Frederick Rd,20876
MD,Germantown,19881 Century Blvd,20874
MD,Gaithersburg,564 N Frederick Ave,20877
MD,Dunkirk,2989 Plaza Dr,20754
MD,Prince Frederick,144 W Dares Beach Rd,20678
MD,Easton,8911 Ocean Gtwy,21601
MD,Edgewater,3046 Solomons Island Rd,21037
MD,Severna Park,575 Ritchie Hwy,21146
MD,Gambrills,2503 Brandermill Blvd,21054
MD,Ellicott City,9120 Baltimore National Pike,21042
MD,Windsor Mill,7091 Security Blvd,21244
MD,Pikesville,1809 Reisterstown Rd,21208
MD,Hunt Valley,112 Shawan Rd,21030
MD,Frederick,5223 Buckeystown Pike,21704
MD,Frederick,7820 Wormans Mill Rd,21701
MD,Frederick,997 W Patrick St,21702
MD,Fulton,11811 W Market Pl,20759
MD,Laurel,14354 Baltimore Ave,20707
MD,Laurel,3353 Corridor Marketplace,20724
MD,Gaithersburg,205 Boardwalk Pl,20878
MD,Gaithersburg,96 Main St,20878
MD,Glen Burnie,4 Mountain Rd,21060
MD,Glen Burnie,6654 Ritchie Hwy,21061
MD,Greenbelt,5506 Cherrywood Ln,20770
MD,Hyattsville,3500 E West Hwy,20782
MD,Hyattsville,5501 Baltimore Ave,20781
MD,Hagerstown,18003 Garland Groh Blvd,21740
WV,Martinsburg,927 Foxcroft Ave,25401
PA,Chambersburg,975 Norland Ave,17201
MD,Hanover,7049 Arundel Mills Cir,21076
MD,Linthicum Heights,1622 W Nursery Rd,21090
MD,Lutherville Timonium,1830 York Rd,21093
MD,Towson,401 York Rd,21204
MD,Towson,801 Goucher Blvd,21286
MD,Owings Mills,10150 Reisterstown Rd,21117
VA,Alexandria,6770 Richmond Hwy,22306
MD,New Carrollton,8490 Annapolis Rd,20784
MD,Lexington Park,22720 Three Notch Rd,20653
MD,Sykesville,6400F Ridge Rd,21784
MD,Olney,3333 Olney Sandy Springs Rd,20832
VA,Alexandria,601 King St,22314
VA,Alexandria,3425 Richmond Hwy,22305
MD,Potomac,10116 River Rd,20854
MD,Rockville,14925 Shady Grove Rd,20850
MD,Silver Spring,10135 Colesville Rd,20901
MD,Silver Spring,10161 New Hampshire Ave,20903
MD,Silver Spring,12060 Cherry Hill Rd,20904
MD,Silver Spring,907 Ellsworth Dr,20910
MD,Westminster,631 Baltimore Blvd,21157
MA,Attleboro,228 Washington St,2703
RI,Lincoln,622 George Washington Hwy,2865
RI,Providence,235 Thayer St,2906
MA,Seekonk,35 Highland Ave,2771
MA,Mansfield,287 School St,2048
MA,Bedford,301 Great Rd,1730
MA,Burlington,110 Mall Rd,1803
MA,Waltham,1110 Lexington St.,2452
MA,Billerica,199 Boston Rd,1862
MA,Woburn,112 Commerce Way,1801
MA,Beverly,55 Dodge St,1915
MA,Peabody,210 Andover St,1960
MA,Swampscott,450 Paradise Rd,1907
MA,Saugus,444 Broadway,1906
MA,Reading,46 Walkers Brook Dr,1867
MA,Chelmsford,65 Drum Hill Rd,1824
MA,Westford,174 Littleton Rd,1886
MA,Boston,101 Summer St,2110
MA,Boston,148 Brookline Ave,2215
MA,Boston,283 Washington St,2108
MA,Boston,51 Boston Wharf Rd,2210
MA,Boston,553 Boylston St,2116
MA,Boston,8 Park Plz,2116
MA,Braintree,250 Granite St,2184
MA,Quincy,60 Newport Ave,2171
MA,Randolph,51 Warren St,2368
MA,Hingham,92 Derby St,2043
MA,Westwood,217 University Ave,2090
MA,Brighton,1924 Beacon St,2135
MA,Watertown,455 Arsenal St,2472
MA,Brookline,876 Commonwealth Avenue,2215
MA,Cambridge,598 Massachusetts Ave,2139
MA,Brockton,500 Westgate Dr,2301
MA,Norwood,1415 Boston-Providence Highway,2062
MA,Cambridge,255 Main St,2142
MA,Cambridge,100 Cambridgeside Pl,2141
MA,Cambridge,227 Alewife Brook Pkwy,2138
NH,Nashua,225 Daniel Webster Hwy,3060
MA,Holyoke,235 Whiting Farms Rd,1040
MA,Dedham,176 Providence Hwy,2026
MA,Newton,300 Needham St,2464
MA,Dorchester,27 District Ave,2125
MA,Framingham,1 Worcester Rd,1701
MA,Natick,219 N Main St,1760
MA,Waltham,1030 Main St,2451
MA,Marlborough,237 Boston Post Rd W,1752
MA,Franklin,5 Franklin Village Dr,2038
MA,Milford,128 Medway Rd,1757
MA,Hadley,334 Russell St,1035
MA,Haverhill,89 Plaistow Road,1830
MA,Methuen,90 Pleasant Valley St,1844
MA,North Andover,93 Turnpike St,1845
MA,Hyannis,793 Iyannough Rd,2601
MA,Plymouth,51-9 Commerce Way Plaza,2360
MA,North Dartmouth,349 State Rd,2747
MA,Raynham,421 New State Hwy,2767
MA,Leominster,252 Mill St,1453
MA,Worcester,49 Park Avenue,1605
MA,Shrewsbury,97 Boston Turnpike,1545
MA,Westborough,1 Oak St,1581
MA,Medford,616 Fellsway,2155
MA,Somerville,274 Elm St,2144
RI,Middletown,11 E Main Rd,2842
RI,Warwick,1800 Post Road,2886
RI,Cranston,87 Hillside Rd,2920
RI,Johnston,1386 Atwood Ave,2919
MI,Adrian,1421 S Main St,49221
OH,Toledo,7229 W Central Ave,43617
OH,Toledo,4109 Talmadge Rd,43623
OH,Holland,6658 Airport Hwy,43528
OH,Toledo,3305 W Central Ave,43606
MI,Allen Park,3125 Fairlane Dr,48101
MI,Taylor,23111 Eureka Rd,48180
MI,Woodhaven,23061 Allen Rd,48183
MI,Canton,42404 Ford Road,48187
MI,Southfield,26147 Evergreen Rd,48076
MI,Ann Arbor,235 S State St,48104
MI,Ann Arbor,3354 Washtenaw Ave,48104
MI,Ann Arbor,858 Briarwood Cir,48108
MI,Bloomfield Hills,2100 S Telegraph Rd,48302
MI,West Bloomfield,6753 Orchard Lake Rd,48322
MI,Orion,4921 S Baldwin Rd,48359
MI,Troy,3129 Crooks Rd,48084
MI,Royal Oak,32824 Woodward Ave,48073
MI,Brighton,8599 W Grand River Ave,48116
MI,Novi,43345 Crescent Blvd,48375
MI,Northville,18885 Traditions Dr,48168
MI,Chesterfield,27810 23 Mile Rd,48051
MI,Shelby Township,13488 23 Mile Rd,48315
MI,Sterling Heights,13975 Lakeside Cir,48313
MI,Roseville,32463 Gratiot Ave,48066
MI,Sterling Heights,35394 Van Dyke Ave,48312
MI,East Lansing,539 E Grand River Ave,48823
MI,Lansing,5805 W Saginaw Hwy,48917
MI,Flint,4485 Miller Rd,48507
MI,Rochester Hills,84 N Adams Rd,48309
MI,Grand Rapids,3300 Alpine Ave NW,49544
MI,Grand Rapids,6333 Kalamazoo Ave SE,49508
MI,Grandville,3070 44th St SW,49418
MI,Kentwood,3610 28th St SE,49512
MI,Holland,12365 James St,49424
MI,Kalamazoo,5363B W Main St,49009
MI,Portage,5964 S Westnedge Ave,49002
MI,Madison Heights,32 E 14 Mile Rd,48071
MI,Warren,30229 Mound Rd,48092
MI,Mt Pleasant,1720 S Mission St,48858
MI,Saginaw,2721 Tittabawassee Rd,48604
MI,Southfield,28644 Telegraph Rd,48034
MI,Rochester Hills,2611 S Rochester Rd,48307
MN,Apple Valley,7638 150th St W,55124
MN,Burnsville,728 County Road 42 W,55337
MN,Eagan,2075 Cliff Road,55122
MN,Lakeville,17599 Kenwood Trl,55044
MN,Rosemount,3390 150th St W,55068
MN,Baxter,14203 Edgewood Dr.,56425
MN,Blaine,10450 Baltimore St NE,55449
MN,Blaine,599 Northtown Dr NE,55434
MN,Bloomington,10629 France Ave S,55431
MN,Bloomington,322 S Avenue,55425
MN,Brooklyn Center,5711 Xerxes Ave N,55430
MN,Crystal,5608 W Broadway Ave,55428
MN,Columbia Heights,5200 Central Ave NE,55421
MN,Brooklyn Park,7631 Jolly Ln,55428
MN,Brooklyn Park,5901 94th Ave N,55443
MN,Savage,14008 Highway 13 S,55378
MN,Champlin,11209 Aquila Dr N,55316
MN,Coon Rapids,3455 River Rapids Dr NW,55448
MN,Coon Rapids,2170 Northdale Blvd NW,55433
MN,Chanhassen,560 W 79th St,55317
MN,Chaska,1112 Hazeltine Blvd,55318
MN,Minnetonka,4717 County Road 101,55345
MN,Eden Prairie,13250 Technology Dr,55344
MN,Minnetonka,10995 Red Circle Dr,55343
MN,Minneapolis,2701 39th Ave NE,55421
MN,Roseville,2720 Lincoln Dr,55113
MN,Cottage Grove,7180 E Point Douglas Rd S,55016
MN,Woodbury,7455 Currell Blvd,55125
MN,West St Paul,1857 Robert St S,55118
MN,Hastings,1769 N Frontage Rd,55033
MN,Woodbury,9965 Hudson Pl,55125
MN,Maple Grove,7750 Main St N,55369
MN,Duluth,1600 Miller Trunk Hwy,55811
MN,Eagan,3324 Promenade Ave,55121
MN,Hopkins,786 Mainstreet,55343
MN,Edina,6801 York Ave S,55435
MN,Richfield,7644 Lyndale Ave S,55423
MN,Richfield,1830 E 66th St,55423
MN,St Louis Park,5580 Excelsior Blvd,55416
MN,Elk River,18201 Carson Ct NW,55330
MN,Rogers,13590 Northdale Blvd,55374
MN,Maple Grove,9881 Maple Grove Pkwy N,55369
MN,Forest Lake,107 12th St SW,55025
MN,Vadnais Heights,925 County Road E E,55127
MN,Shoreview,1021 Red Fox Rd,55126
MN,Golden Valley,515 Winnetka Ave N,55427
MN,Minnetonka,12509 Wayzata Blvd,55305
MN,Minneapolis,3040 Excelsior Blvd,55416
MN,Mankato,1600 Warren St,56001
MN,Mankato,1851 Madison Ave,56001
MN,Maplewood,2303 White Bear Ave N,55109
MN,Maplewood,3095 White Bear Ave N,55109
MN,Minneapolis,1040 Nicollet Mall,55403
MN,Minneapolis,200 S. Sixth St,55402
MN,Minneapolis,225 E Hennepin Ave,55414
MN,Minneapolis,229 Cedar Ave S,55454
MN,Minneapolis,2600 Hennepin Ave,55408
MN,Minneapolis,50 S 6th St,55402
MN,Minneapolis,800 Washington Ave SE,55414
MN,Oak Park Heights,13315 60th St N,55082
WI,Hudson,1021 Pearson Dr,54016
MN,Plymouth,3425 Vicksburg Ln N,55447
MN,Wayzata,1313 Wayzata Blvd East,55391
MN,Rochester,1201 Broadway Ave S,55904
MN,Rochester,3780 Marketplace Dr NW,55901
MN,Roseville,860 Rosedale Shopping Ctr,55113
MN,Saint Cloud,211 5th Ave S,56301
MN,Saint Cloud,3959 2nd St S,56301
MN,Saint Paul,2082 Ford Pkwy,55116
MN,Saint Paul,29 5th St W,55102
MN,Saint Paul,867 Grand Ave,55105
MN,Shakopee,8094 Old Carriage Ct,55379
MO,Belton,1424 E North Ave,64012
MO,Grandview,12348 S US Highway 71,64030
MO,Lees Summit,1716 NW Chipman Rd,64081
MO,Blue Springs,1115 NE Coronado Dr,64014
MO,Independence,18880 E Valley View Pkwy,64055
MO,Lees Summit,900 NE Columbus St,64086
MO,Kansas City,4151 Sterling Ave,64133
MO,Bridgeton,3533 McKelvey Rd,63044
MO,Creve Coeur,11485 Olive Blvd,63141
MO,Chesterfield,1676 Clarkson Rd,63017
MO,Ellisville,15836 Manchester Rd,63011
MO,Des Peres,80 W County Ctr,63131
MO,Kirkwood,1255 S Kirkwood Rd,63122
MO,Columbia,2020 W Worley St,65203
MO,Columbia,2540 Broadway Bluffs Dr,65201
MO,Columbia,306 S 9th St,65201
MO,Raytown,9205 E State Route 350,64133
MO,Jefferson City,1400 Missouri Blvd,65109
MO,Joplin,631 S Range Line Rd,64801
MO,Kansas City,1370 Walnut St,64106
MO,Kansas City,203 NE Englewood Rd,64118
MO,Kansas City,4323 N Chouteau Trfy,64117
MO,Kansas City,8600 N Boardwalk Ave,64154
MO,Kansas City,8700 NE Flintlock Rd,64157
MO,O Fallon,112 Laura K Dr,63366
MO,Saint Joseph,5107 N Belt Hwy,64506
MO,Springfield,1211 E Saint Louis St,65802
MO,Springfield,3356 S Campbell Ave,65807
MO,Warrensburg,728 N Maguire St,64093
MT,Billings,1601 Grand Ave,59102
MT,Bozeman,1919 W Main St,59718
MT,Missoula,2995 N Reserve St,59808
NE,Bellevue,10403 S 15th St,68123
NE,Papillion,9820 S 71st Plz,68133
NE,Omaha,201 S 72nd St,68114
NE,Omaha,13203 W Center Rd,68144
NE,Omaha,3605 N 147th St,68116
NE,Lincoln,1317 Q St,68508
NE,Lincoln,2801 Pine Lake Rd,68516
NE,Lincoln,6005 O St,68510
NE,Omaha,2717 S 177th St,68130
NV,Sparks,1560 E Lincoln Way,89434
NV,Henderson,10251 S Eastern Ave,89052
NV,Henderson,1311 W Sunset Rd,89014
NV,Henderson,246 E Lake Mead Pkwy,89015
NV,Las Vegas,111 N Nellis Blvd,89110
NV,Las Vegas,2540 S Decatur Blvd,89102
NV,Las Vegas,3200 Las Vegas Blvd S,89109
NV,Las Vegas,3377 Las Vegas Blvd S,89109
NV,Las Vegas,3475 Las Vegas Blvd S,89109
NV,Las Vegas,365 Hughes Center Dr,89169
NV,Las Vegas,3663 Las Vegas Blvd,89109
NV,Las Vegas,3815 Blue Diamond Rd,89139
NV,Las Vegas,4530 S Maryland Pkwy,89119
NV,Las Vegas,4916 S Fort Apache Rd,89148
NV,Las Vegas,5715 S Eastern Ave,89119
NV,Las Vegas,6211 N Decatur Blvd,89130
NV,Las Vegas,7170 N Durango Dr,89149
NV,Las Vegas,7175 W Lake Mead Blvd,89128
NV,Las Vegas,7340 Arroyo Crossing Pkwy,89113
NV,Las Vegas,7370 Las Vegas Blvd S,89123
NV,Las Vegas,875 S Grand Central Pkwy,89106
NV,Las Vegas,9210 S Eastern Ave,89123
NV,Las Vegas,9240 W Sahara Ave,89117
NV,North Las Vegas,2023 E Lake Mead Blvd,89030
NV,North Las Vegas,2546 E Craig Rd,89030
NH,Bedford,99 S River Rd,3110
NH,Manchester,926 S Willow St,3103
NH,Nashua,356 Amherst St,3063
NH,Concord,265 Loudon Rd,3301
NH,Keene,333 Winchester St,3431
NJ,Basking Ridge,25 Mountainview Blvd,7920
NJ,Bridgewater,640 Commons Way,8807
NJ,Bound Brook,318 Chimney Rock Rd,8805
NJ,Bernardsville,80 Morristown Rd,7924
NJ,Watchung,1620 US Highway 22,7069
NJ,Madison,6 Main St,7940
NJ,New Providence,1260 Springfield Ave,7974
NJ,Bloomfield,240 Bloomfield Ave,7003
NJ,Kearny,190 Passaic Ave,7032
NJ,West Orange,235 Prospect Ave,7052
NJ,Newark,222 Market St,7102
NJ,Clifton,380 State Rt 3,7014
NJ,South Plainfield,6850 Hadley Road,7080
NJ,Hillsborough,649 US Highway 206,8844
NJ,Brick,74 Brick Plz,8723
NJ,Toms River,1258 Hooper Ave,8753
NJ,Howell,4733 US Highway 9,7731
NJ,Sea Girt,2150 Route 35,8750
NJ,Freehold,323 W Main St,7728
NJ,Cherry Hill,818 Haddonfield Rd,8002
NJ,Moorestown,1600 Nixon Dr,8057
NJ,Cinnaminson,115 Route 130 S,8077
NJ,Marlton,882 Route 73 N,8053
NJ,Voorhees,700 Haddonfield Berlin Rd,8043
PA,Philadelphia,2327 Cottman Ave,19149
NJ,Mount Laurel,10 Centerton Rd,8054
NJ,Clark,1255 Raritan Rd,7066
NJ,Westfield,117 E Broad St,7090
NJ,Springfield,101 US Highway 22,7081
NJ,Union,1101 Morris Ave,7083
NJ,East Rutherford,40 State Rt 17,7073
NJ,Teterboro,9 Teterboro Landing Dr,7608
NJ,Closter,83 Vervalen St,7624
NJ,Englewood,10 Nathaniel Pl,7631
NY,Dobbs Ferry,12 Lawrence St,10522
NJ,Hackensack,450 Hackensack Ave,7601
NY,Yonkers,5510 Xavier Dr,10704
NJ,Deptford,2000 Clements Bridge Road,8096
PA,Philadelphia,1851 S Columbus Blvd,19148
PA,Philadelphia,1000 S Broad St,19146
NJ,East Brunswick,609 State Route 18,8816
NJ,North Brunswick,524 Shoppes Blvd,8902
NJ,New Brunswick,387 George St,8901
NJ,Metuchen,349 Lake Ave,8840
NJ,Edison,55 Parsonage Rd,8837
NJ,East Hanover,368 State Route 10,7936
NJ,Parsippany,1131 US Highway 46,7054
NJ,West Caldwell,749 Bloomfield Ave,7006
NJ,Secaucus,700 Plaza Dr,7094
NJ,Lodi,170 Essex Street,7644
NJ,Eatontown,186 Hwy 35,7724
NJ,Red Bank,20 Water St,7701
NJ,Holmdel,2131 State Route 35,7733
NJ,Edgewater,14 The Promenade,7020
NY,New York,2843 Broadway,10025
NY,New York,805 Columbus Ave,10025
NY,New York,2298 Broadway,10024
NY,New York,269 Amsterdam Ave,10023
NJ,Woodbridge,318 US Highway 9 N,7095
NJ,Fort Lee,134 Linwood Plz,7024
NY,Bronx,193 W 237th St,10463
NY,New York,4009 Broadway,10032
NY,Bronx,260 E 161st St,10451
NJ,Paramus,81 E State Rt 4,7652
NJ,Paramus,1 Garden State Plz,7652
NJ,Hoboken,229 Washington Street,7030
NJ,Jersey City,525 Washington Blvd,7310
NY,New York,149 8th Ave,10011
NY,New York,200 Varick St,10014
NY,New York,405 Avenue Of The Americas,10014
NY,Staten Island,2602 Hylan Blvd,10306
NJ,Jersey City,26 Journal Square,7306
NJ,Lawrenceville,3371 US Highway 1,8648
NJ,Princeton,3522 US Highway 1,8540
PA,Langhorne,2370 E Lincoln Hwy,19047
PA,Newtown,2940 S Eagle Rd,18940
NJ,Springfield,697 Morris Tpke,7081
NJ,Morris Plains,1711 State Route 10,7950
NJ,Manahawkin,385 Martin Truex Jr Blvd,8050
NJ,Mays Landing,2220 Wrangleboro Rd,8330
NJ,Marlton,500 Route 73 S,8053
NJ,Sicklerville,629 Cross Keys Rd,8081
NJ,Montvale,18 Farm View,7645
NJ,Ramsey,1255 State Rt 17,7446
NY,West Nyack,1000 Palisades Center Dr,10994
NJ,Rockaway,301 Mt Hope Ave,7866
NY,New York,620 9th Ave,10036
NJ,Wayne,70 Willowbrook Blvd,7470
NM,Albuquerque,2608 Central Ave SE,87106
NM,Albuquerque,3400 NM 528 NW,87114
NM,Albuquerque,3600 Coors Blvd NW,87120
NM,Albuquerque,6810 Menaul Blvd NE,87110
NM,Albuquerque,8120 San Pedro Dr NE,87113
NM,Clovis,3501 N Prince St,88101
NM,Farmington,4906 E Main St,87402
NM,Las Cruces,525 S Telshor Blvd,88011
TX,El Paso,6450 N Desert Blvd,79912
TX,El Paso,10771 Gateway South Boulevard,79934
TX,El Paso,6801 N Mesa St,79912
TX,Fort Bliss,1617 Pleasonton Road,79906
NM,Santa Fe,1001 S Saint Francis Dr,87505
NY,Albany,105 Wolf Road,12205
NY,Albany,1475 Western Ave,12203
NY,Albany,17 New Scotland Ave,12208
NY,Amherst,1643 Niagara Falls Blvd,14228
NY,Tonawanda,1759 Sheridan Dr,14223
NY,Williamsville,8020 Transit Rd,14221
NY,Cheektowaga,1717 Walden Ave,14225
NY,Niagara Falls,1785 Military Rd,14304
NY,Astoria,3173 Steinway St,11103
NY,Long Island City,2616 Jackson Ave,11101
NY,Jackson Heights,8710 Northern Blvd,11372
NY,New York,1288 1st Ave,10021
NY,New York,1497 3rd Ave,10028
NY,Bay Shore,1675 Sunrise Hwy,11706
NY,Deer Park,1090 The Arches Cir,11729
NY,Hauppauge,694 Motor Pkwy,11788
NY,Commack,660 Commack Rd,11725
NY,Hauppauge,387 Smithtown Byp,11788
NY,Bohemia,5181 Sunrise Hwy,11716
NY,Patchogue,367 N Service Rd,11772
NY,Lake Ronkonkoma,601 Portion Rd,11779
NY,Lake Grove,2093 Smithaven Plaza,11755
NY,Bronx,2122 Bartow Avenue,10475
NY,Bronx,35 Westchester Square,10461
NY,Bronx,4760 3rd Ave,10458
NY,Bronx,815 Hutchinson River Pkwy,10465
NY,Brooklyn,1 Metrotech Center,11201
NY,Brooklyn,130 N 4th St,11249
NY,Brooklyn,1325 Kings Hwy,11229
NY,Brooklyn,140 Court St,11201
NY,Brooklyn,185 7th Ave,11215
NY,Brooklyn,185 Montague St,11201
NY,Brooklyn,2166 Nostrand Ave,11210
NY,Brooklyn,2179 Ralph Ave,11234
NY,Brooklyn,2940 Cropsey Ave,11214
NY,Brooklyn,347 Flatbush Ave,11238
NY,Brooklyn,394 Myrtle Ave,11205
NY,Brooklyn,463 86th St,11209
NY,Brooklyn,474 Fulton St,11201
NY,Brooklyn,5102 Avenue U,11234
NY,Brooklyn,774 Broadway,11206
NY,Buffalo,4405 Milestrip Rd,14219
NY,Carle Place,135 Old Country Rd,11514
NY,Garden City,630 Old Country Rd,11530
NY,Mineola,528 Jericho Tpke,11501
NY,Uniondale,1166 Hempstead Tpke,11553
NY,East Meadow,2312 Hempstead Tpke,11554
NY,Central Valley,498 Red Apple Ct,10917
NY,Mohegan Lake,3144 E Main St,10547
NY,Middletown,444 Rte 211 E,10940
NY,Cicero,7944 Brewerton Rd,13039
NY,Liverpool,3852 State Route 31,13090
NY,Syracuse,129 Marshall St,13210
NY,Syracuse,3496 Erie Blvd East,13214
NY,Syracuse,3600 W Genesee St,13219
NY,Clifton Park,22 Clifton Country Rd,12065
NY,Latham,2 Wade Road,12110
NY,Schenectady,441 Balltown Rd,12304
NY,East Northport,4000 Jericho Tpke,11731
NY,White Plains,405 Tarrytown Rd,10607
NY,Levittown,3629 Hempstead Tpke,11756
NY,Wantagh,1194 Wantagh Ave,11793
NY,Huntington Station,435 Walt Whitman Rd,11747
NY,Elmhurst,9015 Queens Blvd,11373
NY,Rego Park,6135 Junction Blvd,11374
NY,Forest Hills,7030 Austin St,11375
NY,Elmont,620 Hempstead Tpke,11003
NY,Valley Stream,2034 Green Acres Mall,11581
NY,New Hyde Park,2335 New Hyde Park Rd,11040
NY,Little Neck,25465 Horace Harding Expy,11362
NY,Farmingdale,901 Broadhollow Rd,11735
NY,Hicksville,215 N Broadway,11801
NY,Fishkill,10 Westage Dr,12524
NY,Mount Kisco,185 N Bedford Rd,10549
NY,Jamaica,160-02 Jamaica Avenue,11432
NY,Great Neck,44 Great Neck Rd,11021
NY,Syosset,420 Jericho Tpke,11791
NY,Howard Beach,16010 Crossbay Blvd,11414
NY,Ithaca,740 S Meadow St,14850
NY,Vestal,4698 Vestal Pkwy E,13850
NY,Kingston,1217 Ulster Ave,12401
NY,Selden,261 Middle Country Rd,11784
NY,Port Jefferson Station,1064 Route 112,11776
NY,Lawrence,331 Rockaway Tpke,11559
NY,Oceanside,3161 Long Beach Rd,11572
NY,New York,906 3rd Ave,10022
NY,New York,1020 3rd Ave,10065
NY,Merrick,1996 Merrick Rd,11566
NY,New Hartford,4815 Commercial Dr,13413
NY,New York,1 New York Plz,10004
NY,New York,100 Maiden Ln,10038
NY,New York,111 Fulton St,10038
NY,New York,1153 Third Avenue,10065
NY,New York,117 E 14th St,10003
NY,New York,125 E 23rd St,10010
NY,New York,129 W. 48th St.,10020
NY,New York,1379 Avenue Of The Americas,10019
NY,New York,1400 Broadway,10018
NY,New York,150 E 44th St,10017
NY,New York,150 E 52nd St,10022
NY,New York,2 Broadway,10004
NY,New York,234 5th Ave,10001
NY,New York,235 W 56th Street,10019
NY,New York,25 W 45th St,10036
NY,New York,274 Madison Avenue,10016
NY,New York,275 Greenwich Street,10007
NY,New York,28 W 40th St,10018
NY,New York,281 Broadway,10007
NY,New York,283 7th Ave,10001
NY,New York,286 1st Ave,10009
NY,New York,304 W 34th St,10001
NY,New York,320 Park Ave,10022
NY,New York,325 S End Ave,10280
NY,New York,350 5th Ave,10118
NY,New York,404 Broadway,10013
NY,New York,464 Park Ave S,10016
NY,New York,501 Fashion Ave,10018
NY,New York,504 Avenue Of The Americas,10011
NY,New York,55 E 8th St,10003
NY,New York,601 8th Ave,10018
NY,New York,604 2nd Ave,10016
NY,New York,625 Broadway,10012
NY,New York,680 Avenue Of The Americas,10010
NY,New York,71 Spring St,10012
NY,New York,72 W 125th St,10027
NY,New York,854 8th Ave,10019
NY,New York,864 Broadway,10003
NY,New York,9 W 42nd St,10036
NY,Pelham,798 Pelham Pkwy,10803
NY,Plattsburgh,200 Consumer Square,12901
VT,Burlington,580 Shelburne Rd,5401
NY,Queensbury,820 State Route 9,12804
NY,Saratoga Springs,3057 Route 50,12866
VT,Rutland,37 N Main St,5701
NY,Rensselaer,279 Troy Rd,12144
NY,Riverhead,1501 Old Country Rd,11901
NY,Rochester,1360 Mount Hope Ave,14620
NY,Rochester,1495 E Ridge Rd,14621
NY,Rochester,1847 W Ridge Rd,14615
NY,Rochester,3349 Monroe Ave,14618
NY,Rochester,640 Jefferson Rd,14623
NY,Staten Island,2655 Richmond Ave,10314
PA,Dickson City,1245 Commerce Blvd,18519
NY,Victor,401 Commerce Dr,14564
NY,Webster,927 Holt Rd,14580
NY,Watertown,1290 Arsenal St,13601
NC,Apex,1081 Pine Plaza Dr,27523
NC,Cary,100 Wrenn Dr,27511
NC,Morrisville,1516 Village Market Pl,27560
NC,Cary,204 Crossroads Blvd,27518
NC,Durham,5431 Page Road,27703
NC,Asheville,1828 Hendersonville Rd,28803
NC,Asheville,946 Patton Ave,28806
NC,Boone,1787 Blowing Rock Rd,28607
NC,Hickory,1770 US Highway 70 SE,28602
NC,Burlington,649 Huffman Mill Rd,27215
NC,Greensboro,435 Tate St,27403
NC,Greensboro,1420 Westover Ter,27408
NC,Greensboro,5402 Sapp Rd,27409
NC,High Point,4008 Brian Jordan Pl,27265
NC,Chapel Hill,1490 Fordham Blvd,27514
NC,Chapel Hill,301 W Franklin St,27516
NC,Charlotte,11619 Waverly Center Dr,28277
NC,Charlotte,2109 South Blvd,28203
NC,Charlotte,2312 Whitehall Park Dr,28273
NC,Charlotte,239 S Kings Dr,28204
NC,Charlotte,2921 Providence Rd,28211
NC,Charlotte,316 S Tryon St,28202
NC,Charlotte,3320 Potomac River Pkwy,28217
NC,Charlotte,4400 Sharon Rd,28211
NC,Charlotte,6925 University City Blvd,28262
NC,Charlotte,7724 Pineville Matthews Rd,28226
NC,Charlotte,7800 Rea Rd,28277
NC,Charlotte,9335 N Tryon St,28262
NC,Charlotte,9821 Northlake Centre Pkwy,28216
NC,Concord,1463 Concord Pkwy N,28025
NC,Concord,8509 Concord Mills Blvd,28027
NC,Durham,2608 Erwin Rd,27705
NC,Durham,3219 Watkins Rd,27707
NC,Durham,3800 N Roxboro St,27704
NC,Durham,6910 Fayetteville Rd,27713
NC,Fayetteville,1918 Skibo Rd,28314
NC,Fayetteville,4715 Ramsey St,28311
NC,Fuquay Varina,1385 N Main St,27526
NC,Garner,68 Eagle Wing Way,27529
NC,Raleigh,2316 Hillsborough St,27607
NC,Raleigh,4421 Six Forks Rd,27609
NC,Raleigh,6081 Capital Blvd,27616
NC,Gastonia,2501 E Franklin Blvd,28056
NC,Goldsboro,501 N Berkeley Blvd,27534
NC,Smithfield,120 S Equity Dr,27577
NC,Winterville,4100 Humber Rd,28590
NC,Greenville,610 Greenville Blvd SE,27858
NC,New Bern,2999 Dr Martin Luther King Jr Blvd,28562
NC,Mooresville,643 River Hwy,28117
NC,Huntersville,8830 Lindholm Dr,28078
NC,High Point,2313 N Main St,27262
NC,Jacksonville,1345 Western Blvd,28546
NC,Wilmington,941 International Dr,28405
NC,Wilmington,1525 Fordham Rd,28403
NC,Kernersville,1020 S Main St,27284
NC,Winston Salem,128 Hanes Mall Cir,27103
NC,Matthews,1909 Matthews Township Pkwy,28105
NC,Monroe,2335 W Roosevelt Blvd,28110
NC,Pineville,11025 Carolina Pl Pkwy,28134
NC,Raleigh,6102 Falls Of Neuse Rd,27609
NC,Raleigh,6602 Glenwood Ave,27612
NC,Raleigh,9504 Strickland Rd,27615
NC,Salisbury,1527 E Innes Street,28144
NC,Wake Forest,11700 Retail Dr,27587
OH,Akron,1289 George Washington Blvd,44312
OH,Akron,272 E Exchange St,44304
OH,Akron,3890 Medina Rd,44333
OH,Akron,790 Arlington Rdg,44312
OH,Akron,825 W Market St,44303
OH,Alliance,1630 W State St,44601
OH,Canton,1472 N Main St,44720
OH,Canton,5097 Dressler Rd NW,44718
OH,Canton,4130 Tuscarawas St W,44708
OH,Uniontown,1840 Franks Pkwy,44685
OH,Amelia,1227 W Ohio Pike,45102
OH,Cincinnati,4397 Glen Este Withamsville Rd,45245
OH,Cincinnati,444 Ohio Pike,45255
OH,Anderson,7630 Beechmont Ave,45255
OH,Milford,5697 Romar Dr,45150
OH,Amherst,901 N Leavitt Rd,44001
OH,Elyria,1615 W River Rd N,44035
OH,Sheffield Village,5252 Detroit Rd,44035
OH,Avon,35925 Detroit Rd,44011
OH,North Ridgeville,32223 Lorain Rd,44039
OH,Cincinnati,6213 Wooster Pike,45227
OH,Ashland,1988 E Main St,44805
OH,Wooster,4124 Burbank Rd,44691
OH,Mansfield,2470 Possum Run Rd,44903
OH,Ontario,764 N Lexington Springmill Rd,44906
OH,Medina,899 N Court St,44256
OH,Ashtabula,2911 N Ridge Rd E,44004
OH,Painesville,7 W Jackson St,44077
OH,Painesville,7689 Crile Rd,44077
OH,Mentor,9188 Mentor Ave,44060
OH,Mentor,7851 Reynolds Rd,44060
OH,Athens,41 S Court St,45701
OH,Lancaster,1248 E Main St,43130
OH,Lancaster,1608 N Memorial Dr,43130
OH,Zanesville,3581 Maple Ave,43701
OH,Chillicothe,1290 N Bridge St,45601
OH,Austintown,5553 Mahoning Ave,44515
OH,Canfield,4542 Boardman Canfield Rd,44406
OH,Youngstown,320 Wick Ave,44503
OH,Boardman,525 Boardman Poland Rd,44512
OH,Warren,1922 Niles Cortland Rd SE,44484
OH,Westlake,29990 Detroit Rd,44145
OH,North Olmsted,26420 Great Northern Shop Ctr,44070
OH,Barberton,446 E Robinson Ave.,44203
OH,Beavercreek,2544 Zink Rd,45324
OH,Beavercreek,3286 Pentagon Blvd,45431
OH,Beavercreek,4473 Walnut St,45440
OH,Bellefontaine,1551 S Main St,43311
OH,Sidney,1975 Michigan St,45365
OH,Marysville,1089 Delaware Ave,43040
OH,Springfield,1930 N Bechtle Ave,45504
OH,Troy,1934 W Main St,45373
OH,Bexley,2484 E Main St,43209
OH,Whitehall,3822 E Broad St,43213
OH,Columbus,488 S High St,43215
OH,Columbus,401 N Front St,43215
OH,Columbus,1000 N High St,43201
OH,Blue Ash,11257 Reed Hartman Hwy,45241
OH,Sharonville,11974 Lebanon Rd,45241
OH,Cincinnati,2552 Cunningham Rd,45241
OH,Mason,9540 S Mason Montgomery Rd,45040
OH,Loveland,10567 Loveland Madeira Rd,45140
OH,Bowling Green,1558 E Wooster St,43402
OH,Perrysburg,10711 Fremont Pike,43551
OH,Maumee,1385 Conant St,43537
OH,Oregon,2924 Navarre Ave,43616
OH,Brecksville,4416 Royalton Rd,44141
OH,Parma,1042 W Pleasant Valley Rd,44134
OH,Independence,6901 Rockside Rd,44131
OH,Parma,7683 W Ridgewood Dr,44129
OH,Macedonia,8195 Golden Link Blvd,44067
OH,Brooklyn,10325 Cascade Xing,44144
OH,Cleveland,16729 Lorain Ave,44111
OH,Cleveland,3471 Steelyard Dr,44109
OH,Cleveland,11638 Clifton Blvd,44102
OH,Brunswick,3362 Center Rd,44212
OH,Strongsville,15029 Pearl Rd,44136
OH,Strongsville,500 Southpark Ctr,44136
OH,Medina,3070 Medina Rd,44256
OH,Cambridge,61690 Southgate Rd,43725
OH,New Philadelphia,135 Bluebell Dr SW,44663
OH,Saint Clairsville,68041 Mall Ring Rd,43950
OH,Heath,515 Hebron Rd,43056
OH,Canal Winchester,695 W Waterloo St,43110
OH,Pickerington,1291 Hill Rd N,43147
OH,Reynoldsburg,6316 Tussing Rd,43068
OH,Obetz,5051 Groveport Rd,43207
OH,Reynoldsburg,7611 Farmsbury Dr,43068
OH,Circleville,1469 S Court St,43113
OH,Grove City,3019 Meadow Pond Ct,43123
OH,Cincinnati,350 Cincinnati Mills Dr,45240
OH,Cincinnati,3725 Paxton Ave,45209
OH,Cincinnati,6440 Harrison Ave,45247
OH,Cincinnati,6455 Glenway Ave,45211
OH,Cincinnati,7875 Montgomery Rd,45236
OH,Cincinnati,8154 Montgomery Rd,45236
OH,Cincinnati,8375 Winton Rd,45231
OH,Cincinnati,9430C Colerain Ave,45251
OH,Cleveland,11452 Euclid Ave,44106
OH,Cleveland,224 Euclid Ave,44114
OH,Columbus,1140 Polaris Pkwy,43240
OH,Columbus,1528 Georgesville Rd,43228
OH,Columbus,1726 N High St,43201
OH,Columbus,1851 Morse Rd,43229
OH,Columbus,191 E Campus View Blvd,43235
OH,Columbus,1960 E Dublin Granville Rd,43229
OH,Columbus,2130 North High Street,43201
OH,Columbus,3090 Kingsdale Ctr,43221
OH,Columbus,4034 Townsfair Way,43219
OH,Columbus,4489 N High St,43214
OH,Columbus,4750 Morse Rd,43230
OH,Columbus,4782 W Broad St,43228
OH,Columbus,6079 Parkcenter Circle,43017
OH,Columbus,6590 Sawmill Rd,43235
OH,Columbus,6815 E. Broad Street,43213
OH,Columbus,771 Bethel Rd,43214
OH,Cortland,2160 Millennium Blvd,44410
PA,Hermitage,125 N Hermitage Rd,16148
OH,Cuyahoga Falls,2042 Portage Trl,44223
OH,Cuyahoga Falls,371 Howe Ave,44221
OH,Dayton,1211 Brown St,45409
OH,Dayton,6000 Wilmington Pike,45459
OH,Delaware,1710 Columbus Pike,43015
OH,Powell,8695 Owenfield Dr,43065
OH,Powell,9733 Sawmill Pkwy,43065
OH,Dublin,6776 Perimeter Loop Rd,43017
OH,Hilliard,3670 Fishinger Blvd,43026
OH,Huber Heights,7767 Troy Pike,45424
OH,Euclid,22250 Lake Shore Blvd,44123
OH,Willoughby,36200 Euclid Ave,44094
OH,Highland Heights,6267 Wilson Mills Rd,44143
OH,Lyndhurst,24651 Cedar Rd,44124
OH,Mayfield Heights,6717 Eastgate Dr,44124
OH,Fairfield,5410 Dixie Hwy,45014
OH,Fairfield Township,3335 Princeton Rd,45011
OH,West Chester,7903 Crossings Of Beckett Dr,45069
OH,Springdale,11700 Princeton Pike,45246
OH,West Chester,9324 Union Centre Blvd,45069
OH,Fairview Park,21029 Center Ridge Rd,44126
OH,Lakewood,14881 Detroit Ave,44107
OH,Findlay,15067 E US Route 224,45840
OH,Tiffin,596 W Market St,44883
OH,Lima,3292 Elida Rd,45805
OH,Gahanna,95 N Hamilton Rd,43230
OH,Garfield Heights,9761 Vista Way,44125
OH,Grandview Heights,1298 W 5th Ave,43212
OH,Grove City,1671 Stringtown Rd,43123
OH,Newark,1292 N 21st St,43055
OH,South Euclid,13937 Cedar Rd,44118
OH,Woodmere,28077 Chagrin Blvd,44122
OH,Hilliard,1835 Hilliard Rome Rd,43026
OH,Hudson,5 Atterbury Blvd,44236
OH,Streetsboro,9754 State Route 14,44241
OH,Twinsburg,2640 Creekside Dr,44087
OH,Stow,4338 Kent Rd,44224
OH,Jeffersonville,12478 Old U.S. 35,43128
OH,Xenia,1620 W Park Square,45385
OH,Kent,4050 Cascades Blvd,44240
OH,Kent,429 E Main St,44240
OH,Kettering,4329 Far Hills Ave,45429
OH,Washington Township,1051 Miamisburg Centerville Rd,45459
OH,Liberty Township,6876 Cincinnati Dayton Rd,45044
OH,West Chester,7717 Voice Of America Centre Dr,45069
OH,Monroe,175 Senate Dr,45050
OH,Solon,33599 Aurora Rd,44139
OH,Mount Vernon,857 Coshocton Ave,43050
OH,Marion,135 Edgefield Blvd,43302
OH,Mason,2364 Kings Center Ct,45040
OH,Massillon,13 Tommy Henrich Dr NW,44647
OH,Miamisburg,10671 Innovation Dr,45342
OH,Springboro,5 Greenwood Ln,45066
OH,Middleburg Heights,17999 Bagley Rd,44130
OH,New Albany,5375 New Albany Rd W,43054
OH,Westerville,641 S State St,43081
OH,Norwood,4402 Montgomery Rd,45212
OH,Ravenna,787 E Main St,44266
PA,Washington,187 Old Mill Blvd,15301
PA,Canonsburg,3840 Washington Rd,15317
OH,Sandusky,4318 Milan Rd,44870
OH,Warrensville Heights,4015 Richmond Rd,44122
OH,Wadsworth,990 High St,44281
OH,Westerville,63 Maxtown Rd,43082
OK,Edmond,1569 S Broadway,73013
OK,Oklahoma City,14221 N Pennsylvania Ave,73134
OK,Oklahoma City,3315 NW Expressway,73112
OK,Moore,705 SW 19th St,73160
OK,Norman,1641 24th Ave NW,73069
OK,Norman,765 Asp Ave,73069
OK,Stillwater,415 E Hall Of Fame Ave,74075
OK,Tulsa,10410 S Memorial Dr,74133
OK,Tulsa,10902 E. 71st Street,74133
OK,Tulsa,1623 E 15th St,74120
OK,Tulsa,5730 E 41st St,74135
OK,Tulsa,6060 S Yale Ave,74135
OR,Beaverton,14795 SW Murray Scholls Dr,97007
OR,Beaverton,3380 SW Cedar Hills Blvd,97005
OR,Bend,222 NE Emerson Ave,97701
OR,Corvallis,2501 NW Monroe Ave,97330
OR,Salem,3883 Commercial St SE,97302
OR,Salem,890 Lancaster Dr NE,97301
OR,Keizer,6198 Ulali Dr NE,97303
OR,Eugene,460 Coburg Rd,97401
OR,Eugene,1395 University St,97403
OR,Gresham,2065 NE Burnside Rd,97030
OR,Happy Valley,17015 SE Sunnyside Rd,97015
OR,Happy Valley,12130 SE 82nd Ave,97086
OR,Portland,9687 NE Cascades Pkwy,97220
WA,Vancouver,915 SE 164th Ave,98683
OR,Hillsboro,2048 NE Stucki Ave,97124
OR,Hillsboro,4530 NE Cornell Rd,97124
OR,Woodburn,105 Arney Rd,97071
OR,Wilsonville,29991 SW Town Center Loop W,97070
OR,Lake Oswego,8 Centerpointe Dr,97035
OR,Tualatin,7003 SW Nyberg St,97062
OR,Portland,9120 SW Hall Blvd,97223
OR,Sherwood,21332 SW Langer Farms Pkwy,97140
OR,Medford,1429 Center Dr.,97501
OR,Medford,7 Rossanley Dr,97501
OR,Portland,1201 NW Lovejoy St,97209
OR,Portland,13535 NW Cornell Rd,97229
OR,Portland,1933 W Burnside St,97209
OR,Portland,1948 SW Broadway,97201
OR,Portland,240 SW Yamhill St,97204
OR,Portland,704 NE Weidler St,97232
OR,Portland,910 SE 10th Ave,97214
OR,Springfield,2860 Gateway St,97477
PA,Abington,1437 Old York Rd,19001
PA,Willow Grove,2618 W Moreland Rd,19090
PA,Dresher,1673 Limekiln Pike,19025
PA,Wyncote,2401 W Cheltenham Ave,19095
PA,Warminster,25 W Street Rd,18974
PA,Allentown,1870 Airport Rd,18109
PA,Allentown,3114 W Tilghman St,18104
PA,Allentown,750 N Krocks Rd,18106
PA,Allison Park,4960 William Flynn Hwy,15101
PA,Pittsburgh,8870 Covenant Ave,15237
PA,Wexford,11359 Perry Hwy,15090
PA,Pittsburgh,4861 McKnight Rd,15237
PA,Pittsburgh,1027 Freeport Rd,15238
PA,Altoona,1600 Osgood Dr,16602
PA,State College,1850 North Atherton St.,16803
PA,State College,116 Heister St,16801
PA,Indiana,1781 Oakland Ave,15701
PA,Ardmore,133 W Lancaster Ave,19003
PA,Havertown,116 W Township Line Rd,19083
PA,Philadelphia,4030 City Avenue,19131
PA,Philadelphia,701 E Cathedral Rd,19128
PA,Wayne,323 E Lancaster Ave,19087
PA,Bensalem,2307 Street Rd,19020
PA,Trevose,3580 Horizon Blvd,19053
PA,Philadelphia,9173 Roosevelt Blvd,19114
PA,Blue Bell,950 Dekalb Pike,19422
PA,Plymouth Meeting,500 W Germantown Pike,19462
PA,North Wales,30 Airport Square,19454
PA,King of Prussia,620 W Dekalb Pike,19406
PA,Bridgeville,3009 Washington Pike,15017
PA,Pittsburgh,1720 Washington Rd,15241
PA,Pittsburgh,1614 Cochran Rd,15220
PA,Pittsburgh,310 McHolme Dr,15275
PA,Camp Hill,3216 Trindle Rd,17011
PA,Mechanicsburg,6455 Carlisle Pike,17050
PA,Harrisburg,3531 Union Deposit Rd,17109
PA,Harrisburg,5106 Jonestown Rd,17112
PA,Carlisle,40 Noble Blvd,17013
PA,Hanover,32 Wilson Ave,17331
PA,Cranberry Township,20024 Route 19,16066
PA,Cranberry Township,2080 Mackenzie Way,16066
PA,Wilkes Barre,280 Mundy St,18702
PA,Doylestown,569 N Main St,18901
PA,Warrington,1513 Main St,18976
PA,East Liberty,5986 Centre Ave,15206
PA,Pittsburgh,4800 Baum Blvd,15213
PA,Pittsburgh,4611 Forbes Ave,15213
PA,Pittsburgh,3615 Forbes Ave,15213
PA,Easton,4743 Freemansburg Ave,18045
PA,Whitehall,837 Lehigh Lifestyle Ctr,18052
PA,Erie,2204 W 12th St,16505
PA,Erie,6611 Peach St,16509
PA,Exton,241 N Pottstown Pike,19341
PA,West Chester,101 Turner Ln,19380
PA,Malvern,50 National Ave,19355
PA,Wayne,239 E Swedesford Rd,19087
PA,Glen Mills,1751 Wilmington Pike,19342
PA,Media,1075 W Baltimore Pike,19063
PA,Newtown Square,3741 W Chester Pike,19073
PA,Greensburg,2014 Lincoln Pl,15601
PA,Murrysville,4899 William Penn Hwy,15668
PA,Monroeville,4137 William Penn Hwy,15146
PA,Pittsburgh,509 Clairton Blvd,15236
PA,York,890 Loucks Rd,17404
PA,Shrewsbury,98 Sofia Dr,17361
PA,York,1923 Springwood Rd,17403
PA,Springfield,400 S State Rd,19064
PA,Springfield,801 Baltimore Pike,19064
PA,Philadelphia,3925 Walnut St,19104
PA,Hershey,210 W Chocolate Ave,17033
PA,Lebanon,1451 Quentin Rd,17042
PA,King Of Prussia,160 N Gulph Rd,19406
PA,Lancaster,130 Rohrerstown Rd,17603
PA,Lancaster,2081 Fruitville Pike,17601
PA,Lewisburg,7431 Westbranch Hwy,17837
PA,Selinsgrove,2192 N Susquehanna Trl,17870
PA,Philadelphia,1100 W Montgomery Ave,19122
PA,Philadelphia,1200 Walnut St,19107
PA,Philadelphia,1512 Walnut Street,19103
PA,Philadelphia,1625 Chestnut St,19103
PA,Philadelphia,3400 Lancaster Ave,19104
PA,Philadelphia,8500 Essington Ave,19153
PA,Pittsburgh,211 Forbes Ave,15222
PA,Reading,2733 Papermill Rd,19610
PA,York,2801 Concord Rd,17402
RI,Warwick,969 Bald Hill Rd,2886
RI,Smithfield,371 Putnam Pike,2917
SC,Anderson,3556 Clemson Blvd,29621
SC,Clemson,393 College Ave,29631
SC,Greenville,640 Haywood Rd,29607
SC,Greenville,4 Market Point Dr,29607
SC,Spartanburg,1490 Wo Ezell Blvd,29301
SC,Charleston,374 King St,29401
SC,Mt Pleasant,1509 N Highway 17,29464
SC,North Charleston,4953 Centre Pointe Dr,29418
SC,North Charleston,7398 Rivers Ave,29406
SC,Summerville,1209 N Main St,29483
SC,Columbia,10136 Two Notch Rd,29229
SC,Columbia,276 Harbison Blvd,29212
SC,Columbia,4840 Forest Dr,29206
SC,Columbia,6070 Garners Ferry Rd,29209
SC,Columbia,619 Gervais St,29201
SC,Florence,2617 David H McLeod Blvd,29501
SC,Myrtle Beach,1000 S Commons Dr,29588
SC,Myrtle Beach,1229 N Retail Ct,29577
SC,North Myrtle Beach,1502 Highway 17 N,29582
TN,Brentwood,269 Franklin Rd,37027
TN,Nashville,3900 Hillsboro Pike,37215
TN,Nashville,731 Thompson Ln,37204
TN,Franklin,430 Cool Springs Blvd,37067
TN,Nashville,96 White Bridge Rd,37205
TN,Chattanooga,2122 Gunbarrel Rd,37421
TN,Clarksville,625 Kennedy Ln,37040
TN,Nashville,6838 Charlotte Pike,37209
TN,Nashville,2032 Rosa L Parks Blvd,37228
TN,Nashville,2825 W End Ave,37203
TN,Cookeville,1255 Interstate Dr,38501
TN,Cordova,695 N Germantown Pkwy,38018
TN,Memphis,2760 N Germantown Pkwy,38133
TN,Memphis,5865 Poplar Ave,38119
TN,Memphis,2046 Union Ave,38104
TN,Nashville,400 21st Ave S,37203
TN,Knoxville,11380 Parkside Dr,37934
TN,Knoxville,1701 Cumberland Ave,37916
TN,Knoxville,204 Advantage Pl,37922
TN,Knoxville,4829 N Broadway St,37918
TN,Knoxville,7600 Kingston Pike,37919
TN,Murfreesboro,2113 Memorial Blvd,37129
TN,Murfreesboro,479 N Thompson Ln,37129
TN,Sevierville,1713 Parkway,37862
TN,Smyrna,715 Team Blvd,37167
TX,Abilene,3800 S Clack St,79606
TX,Addison,3771 Belt Line Rd,75001
TX,Dallas,5290 Belt Line Rd,75254
TX,Dallas,12747 Midway Rd,75244
TX,Dallas,11930 Preston Rd,75230
TX,Dallas,18152 Preston Rd,75252
TX,Allen,103 Central Expy N,75013
TX,Plano,500 E Spring Creek Pkwy,75074
TX,Frisco,6111 Custer Rd,75035
TX,McKinney,2811 Craig Dr,75070
TX,Plano,1009 N Central Expy,75075
TX,Amarillo,2414 S Georgia St,79109
TX,Arlington,1390 S Cooper St,76013
TX,Arlington,2151 N Collins St,76011
TX,Arlington,5001 S Cooper St,76017
TX,Austin,10515 N Mopac Expy,78759
TX,Austin,1109 E. 5th St.,78702
TX,Austin,11301 Lakeline Blvd,78717
TX,Austin,1201 Barbara Jordan Blvd,78723
TX,Austin,1700 W Parmer Ln,78727
TX,Austin,1920 E Riverside Dr,78741
TX,Austin,2230 Guadalupe St,78705
TX,Austin,2320 S Lamar Blvd,78704
TX,Austin,2700 W Anderson Ln,78757
TX,Austin,4400 N Lamar Blvd,78756
TX,Austin,610 E Stassney Ln,78745
TX,Austin,6301 W Parmer Ln,78729
TX,Austin,801 Congress Ave.,78701
TX,Austin,9600 S Interstate 35,78748
TX,Baytown,4996 Garth Rd,77521
TX,Houston,5866 E Sam Houston Pkwy N,77049
TX,Deer Park,8035 Spencer Hwy,77536
TX,Houston,13630 East Fwy,77015
TX,Pasadena,5759 Fairmont Pkwy,77505
TX,Beaumont,3905 Dowlen Rd,77706
TX,Port Arthur,2780 Highway 365,77640
TX,Bedford,2100 Airport Fwy,76022
TX,Colleyville,4609 Colleyville Blvd,76034
TX,North Richland Hills,9127 Grapevine Hwy,76180
TX,Euless,3010 State Highway 121,76039
TX,Hurst,1312 W Pipeline Rd,76053
TX,Carrollton,1016 E Hebron Pkwy,75010
TX,Lewisville,2605 S Stemmons Fwy,75067
TX,Lewisville,5040 State Highway 121,75056
TX,Plano,6202 W Park Blvd,75093
TX,Cedar Hill,398 E FM 1382,75104
TX,Dallas,39779 Lbj Fwy,75237
TX,Desoto,1001 North Interstate 35E Service Rd,75115
TX,Grand Prairie,4095 S Carrier Pkwy,75052
TX,Red Oak,100 Sharaf Ave,75154
TX,Cedar Park,909 E Whitestone Blvd,78613
TX,Round Rock,201 University Oaks,78665
TX,Round Rock,150 Sundance Pkwy,78681
TX,College Station,1505 University Dr E,77840
TX,College Station,815 University Dr,77840
TX,Southlake,2310 W Southlake Blvd,76092
TX,Conroe,1301 W Davis St,77304
TX,Conroe,3085 College Park Dr,77384
TX,Coppell,104 S Denton Tap Rd,75019
TX,Grapevine,2225 E Grapevine Mills Cir,76051
TX,Irving,8445 N Belt Line Rd,75063
TX,Irving,7717 N Macarthur Blvd,75063
TX,Copperas Cove,3018 E Business 190,76522
TX,Fort Hood,Fort Hood Shopping Center,76544
TX,Harker Heights,201 E Central Texas Expy,76548
TX,Temple,3550 S General Bruce Dr,76504
TX,Georgetown,900 N Austin Ave,78626
TX,Corinth,8201 I-35 E,75065
TX,Flower Mound,6100 Long Prairie Rd,75028
TX,Denton,1800 S Loop 288,76205
TX,Lewisville,722 W Main St,75067
TX,Flower Mound,1900 Long Prairie Rd,75022
TX,Corpus Christi,4938 S Staples St,78411
TX,Cypress,17400 Spring Cypress Rd,77429
TX,Cypress,28920 Highway 290,77433
TX,Cypress,9202 Barker Cypress Rd,77433
TX,Dallas,11613 N Central Expy,75243
TX,Dallas,14715 Coit Road,75254
TX,Dallas,2201 Abrams Rd,75214
TX,Dallas,2401 Victory Park Ln,75219
TX,Dallas,2427 W Mockingbird Lane,75235
TX,Dallas,2705 McKinney Ave,75204
TX,Dallas,3701 W Northwest Hwy,75220
TX,Dallas,4330 Lemmon Ave,75219
TX,Dallas,4502 McKinney Ave,75205
TX,Dallas,6471 E Northwest Hwy,75231
TX,Dallas,7700 N Central Expy,75206
TX,Dallas,8018 Park Ln,75231
TX,Dallas,8687 N Central Expy,75225
TX,Dallas,9291 Garland Rd,75218
TX,Pasadena,3635 Spencer Hwy,77504
TX,Webster,304 W Bay Area Blvd,77598
TX,Denton,1224 W Hickory St,76201
TX,Denton,2735 W University Dr,76201
TX,El Paso,1355 George Dieter Dr,79936
TX,El Paso,2900 N Mesa St,79902
TX,El Paso,8889 Gateway Blvd W,79925
TX,Southlake,3010 E Southlake Blvd,76092
TX,Fort Worth,4200 Highway 360,76155
TX,Fort Worth,1519 W Rosedale St,76104
TX,Fort Worth,2901 Heritage Trace Pkwy,76177
TX,Fort Worth,3000 W 7th St,76107
TX,Fort Worth,3050 S Hulen St,76109
TX,Fort Worth,4484 Bryant Irvin Rd,76132
TX,Fort Worth,6370 Camp Bowie Blvd,76116
TX,Fort Worth,6706 Westworth Blvd,76114
TX,Fort Worth,7100 Blue Mound Rd,76131
TX,Friendswood,1705 S Friendswood,77546
TX,Pearland,2680 Pearland Pkwy,77581
TX,Frisco,3401 Preston Rd,75034
TX,Frisco,6851 Warren Pkwy,75034
TX,Garland,4170 Lavon Dr,75040
TX,Murphy,121 E FM 544,75094
TX,Rowlett,3109 Lakeview Pkwy,75088
TX,Richardson,283 W Campbell Rd,75080
TX,Pflugerville,2424 FM 685,78660
TX,Granbury,321 E US Highway 377,76048
TX,Weatherford,106 E Interstate 20,76087
TX,Grand Prairie,1220 Arkansas Ln,75052
TX,Greenville,3118 Interstate Highway 30,75402
TX,Rockwall,951 E Interstate 30,75087
TX,Terrell,1396 FM Rd 148,75160
TX,Harlingen,410 Dixieland Rd,78552
TX,Pharr,500 N Jackson Rd,78577
TX,McAllen,7300 N 10th St,78504
TX,McAllen,3400 W Expressway 83,78501
TX,Houston,10701 North Fwy,77037
TX,Houston,10905 Louetta Rd,77070
TX,Houston,11150 Northwest Fwy,77092
TX,Houston,1120 Eldridge Pkwy,77077
TX,Houston,11805 Westheimer Rd,77077
TX,Houston,1249 North Loop W,77008
TX,Houston,1260 Fry Rd,77084
TX,Houston,12888 Queensbury Ln,77024
TX,Houston,13313 FM 1960 Rd W,77065
TX,Houston,13768 Northwest Fwy,77040
TX,Houston,14309 E Sam Houston Pkwy N,77044
TX,Houston,15710 N Fwy,77090
TX,Houston,2027 S Shepherd Dr,77019
TX,Houston,207 Heights Blvd,77007
TX,Houston,2625 Lousiana St,77006
TX,Houston,303 Memorial City,77024
TX,Houston,3819 Richmond Ave,77027
TX,Houston,5015 Westheimer Rd,77056
TX,Houston,5176 Richmond Ave,77056
TX,Houston,5600 Kirby Dr,77005
TX,Houston,5706 San Felipe St.,77057
TX,Houston,6600 Fannin St,77030
TX,Houston,6887 Hwy 6 N,77084
TX,Houston,7457 Southwest Fwy,77074
TX,Houston,7600 Cypress Creek Pkwy,77070
TX,Houston,8401 Westheimer Rd,77063
TX,Houston,8505 Main St,77025
TX,Houston,909 Texas St,77002
TX,Houston,9102 W Sam Houston Pkwy N,77064
TX,Humble,10035 FM 1960 Bypass Rd W,77338
TX,Humble,7418 FM 1960 Rd E,77346
TX,Huntsville,213 Interstate 45 S,77340
TX,Spring,9595 Six Pines Dr,77380
TX,Spring,4053 Riley Fuzzel Road,77386
TX,North Richland Hills,5100 Rufe Snow Dr,76180
TX,Irving,118 E John Carpenter Fwy,75062
TX,Irving,2800 N Belt Line Rd,75062
TX,Katy,1427 S Mason Rd,77450
TX,Katy,24600 Katy Fwy,77494
TX,Lake Worth,6547 Lake Worth Blvd,76135
TX,Laredo,1211 Del Mar Blvd.,78041
TX,Longview,415 E Loop 281,75605
TX,Tyler,4751 S Broadway Ave,75703
TX,Lubbock,2411 Glenna Goodacre Blvd,79401
TX,Lubbock,2912 W Loop 289,79407
TX,Lubbock,8201 Quaker Ave,79424
TX,Mansfield,1971 Highway 287 N,76063
TX,McKinney,2014 W University Dr,75071
TX,Mesquite,125 US-80 E,75150
TX,Mesquite,1715 N Town East Blvd,75150
TX,Midland,2820 West Loop 250 North,79705
TX,Odessa,3810 E 42nd St,79762
TX,Missouri City,6245 Highway 6,77459
TX,Sugar Land,2280 Lone Star Dr,77479
TX,Stafford,11249 W Airport Blvd,77477
TX,Sugar Land,19832 Southwest Fwy,77479
TX,Nacogdoches,2111 North St,75965
TX,New Braunfels,156 S State Highway 46,78130
TX,San Marcos,1020 Center Point Rd,78666
TX,San Marcos,401 N LBJ Dr,78666
TX,Selma,14540 Forum Pkwy,78154
TX,San Antonio,22106 US Highway 281 N,78258
TX,Pearland,10645 Broadway St,77584
TX,Plano,340 Coit Rd,75075
TX,Plano,4901 W Park Blvd,75093
TX,Plano,5717 Legacy Dr,75024
TX,Waxahachie,1440 N Highway 77,75165
TX,Richmond,19235 W Bellfort Street,77407
TX,Roanoke,1347 N. Hwy 377,76262
TX,San Antonio,11411 Bandera Rd,78250
TX,San Antonio,11745 W Interstate 10,78230
TX,San Antonio,1201 N Loop 1604 W,78258
TX,San Antonio,190 W Bitters Rd,78216
TX,San Antonio,3928 Broadway St,78209
TX,San Antonio,407 W. Loop 1604 S,78245
TX,San Antonio,438 NW Loop 410,78216
TX,San Antonio,4727 Medical Dr,78229
TX,San Antonio,5623 W Loop 1604 N,78253
TX,San Antonio,7322 Jones Maltsberger Rd,78209
TX,San Antonio,8227 State Highway 151,78245
TX,San Antonio,849 E Commerce St,78205
TX,Sherman,875 Northcreek Dr.,75090
TX,Spring,1600 Louetta Rd,77388
TX,Spring,6615 N Grand Pkwy W,77389
TX,Spring,8675 Spring Cypress Rd,77379
TX,Sunset Valley,5400 Brodie Ln,78745
TX,West Lake Hills,3300 Bee Caves Rd,78746
TX,Waco,1115 N Valley Mills Dr,76710
TX,Texarkana,2502 Richmond Rd,75503
TX,Tomball,14067 FM 2920 Rd,77377
TX,Waco,721 S 4th St,76706
TX,Watauga,7604 Denton Hwy,76148
TX,Wichita Falls,3910 Wayne Ave,76308
UT,Cottonwood Heights,6924 S Park Centre Dr,84121
UT,Murray,5141 S State St,84107
UT,Sandy,10387 S State St,84070
UT,Salt Lake City,1011 E 2100 S,84106
UT,Salt Lake City,734 E 400 S,84102
UT,Layton,1035 W Antelope Dr,84041
UT,Riverdale,849 W Riverdale Rd,84405
UT,West Bountiful,135 N 500 W,84010
UT,Lehi,3601 N Digital Dr,84043
UT,Orem,715 E University Pkwy,84097
UT,Saint George,231 Red Cliffs Dr,84790
VA,Alexandria,4531 Duke St,22304
VA,Alexandria,5955 Kingstowne Towne Ctr,22315
VA,Alexandria,6242 Little River Tpke,22312
VA,Arlington,1002 S Glebe Rd,22204
VA,Arlington,1100 S Hayes St,22202
VA,Arlington,2231 Crystal Dr,22202
VA,Arlington,4300 Wilson Blvd,22203
VA,Arlington,4520 Lee Hwy,22207
VA,Ashburn,19825 Belmont Chase Dr,20147
VA,Ashburn,43660 Yukon Dr,20147
VA,Blacksburg,314 N Main St,24060
VA,Blacksburg,868 Prices Fork Rd,24060
VA,Bristow,10303 Bristow Center Dr,20136
VA,Manassas,7311 Sudley Rd,20109
VA,Gainesville,5025 Wellington Rd,20155
VA,Manassas,9511 Liberia Ave,20110
VA,Centreville,6317 Multiplex Dr,20121
VA,Burke,5747 Burke Centre Pkwy,22015
VA,Fairfax,4477 Aquia Creek Lane,22030
VA,Fairfax,11062 Lee Hwy,22030
VA,Fairfax,9506 Main St No 22B,22031
VA,Fairfax,11939 Grand Commons Ave,22030
VA,Fairfax,13042 Fair Lakes Shopping Ctr,22033
VA,Chantilly,14383 Newbrook Dr,20151
VA,Chantilly,14416 Chantilly Crossing Ln,20151
VA,Charlottesville,2040 Abbey Rd,22911
VA,Charlottesville,953 Emmet St N,22903
VA,Chesapeake,4116 Portsmouth Blvd,23321
VA,Chesapeake,836 Eden Way N,23320
VA,Chester,2423 W Hundred Rd,23831
VA,Colonial Heights,1901 Southpark Blvd,23834
VA,North Chesterfield,7106 Midlothian Tpke,23225
VA,Midlothian,13300 Rittenhouse Dr,23112
VA,Richmond,810 West Grace Street,23220
VA,Culpeper,15335 Creativity Dr,22701
VA,Warrenton,251 W Lee Hwy,20186
VA,Fredericksburg,28 S Gateway Dr,22406
VA,Fredericksburg,3051 Plank Rd,22401
VA,Danville,450 Mall Dr,24540
VA,Dulles,22000 Dulles Retail Plz,20166
VA,Sterling,21031 Tripleseven Rd,20165
VA,Sterling,47010 Community Plz,20164
VA,Herndon,1144 Elden St,20170
VA,Falls Church,3556B S Jefferson St,22041
VA,Falls Church,358 W Broad St,22046
VA,Falls Church,6299 Seven Corners Ctr,22044
VA,Falls Church,8191 Strawberry Ln,22042
VA,Fredericksburg,1601 Jefferson Davis Hwy,22401
VA,Fredericksburg,5420 Southpoint Plaza Way,22407
VA,Glen Allen,10501 W Broad St,23060
VA,Glen Allen,1070 Virginia Center Pkwy,23059
VA,Glen Allen,5300 Wyndham Forest Dr,23059
VA,Hampton,3510 Von Schilling Dr,23666
VA,Newport News,12386 Warwick Blvd,23606
VA,Newport News,12300 Jefferson Ave,23602
VA,Norfolk,132 E Little Creek Rd,23505
VA,Suffolk,6216 College Dr,23435
VA,Harrisonburg,1615 Reservoir St,22801
VA,Herndon,13354 Franklin Farm Rd,20171
VA,Leesburg,1001 Edwards Ferry Rd NE,20176
VA,Purcellville,1200 Wolf Rock Dr,20132
VA,Lorton,9447 Lorton Market St,22079
VA,Springfield,8066 Rolling Rd,22153
VA,Woodbridge,2457 Prince William Pkwy,22192
VA,West Springfield,6230 Rolling Rd,22152
VA,Springfield,7108 Old Keene Mill Rd,22150
VA,Lynchburg,3901 Old Forest Rd,24501
VA,Lynchburg,4010 Wards Rd,24502
VA,McLean,6707 Old Dominion Dr,22101
VA,McLean,7923 L Tysons Corner Center,22102
VA,Mechanicsville,7314 Bell Creek Road,23111
VA,Richmond,4930 W Broad St,23230
VA,Richmond,10 N Nansemond St,23221
VA,North Chesterfield,11440 Midlothian Tpke,23235
VA,Norfolk,1087 N Military Hwy,23502
VA,Norfolk,1501 Colley Ave,23517
VA,Norfolk,333 Waterside Dr,23510
VA,Oakton,2946 Chain Bridge Rd,22124
VA,Vienna,213 Maple Ave E,22180
VA,Reston,11160 S Lakes Dr,20191
VA,Reston,11913 Freedom Dr,20190
VA,Reston,12152 Sunset Hills Rd,20190
VA,Richmond,11728 W Broad St,23233
VA,Richmond,7000 Forest Ave,23230
VA,Richmond,8675 Quioccasin Rd,23229
VA,Richmond,8955 Staples Mill Rd,23228
VA,Roanoke,2011 Colonial Ave SW,24015
VA,Roanoke,4753 Valley View Blvd NW,24012
VA,Rosslyn,1735 N Lynn St,22209
DC,Washington,3255 M St NW,20007
DC,Washington,2000 Pennsylvania Ave NW,20006
DC,Washington,1837 M St NW,20036
VA,Springfield,6500 Springfield Mall,22150
VA,Stafford,100 Prosperity Ln,22556
VA,Woodbridge,1926 Daniel Stuart Square,22191
VA,Sterling,1 Saarinen Cir Concourse B-52,20166
VA,Vienna,8461 Leesburg Pike,22182
VA,Virginia Beach,1724 Laskin Rd,23454
VA,Virginia Beach,2137 Upton Dr,23454
VA,Virginia Beach,2701 N Mall Dr,23452
VA,Virginia Beach,300 Constitution Dr,23462
VA,Virginia Beach,3380 Princess Anne Rd,23456
VA,Williamsburg,1413 Richmond Rd,23185
VA,Winchester,2012 S Pleasant Valley Rd,22601
VA,Woodbridge,4269 Merchant Plz,22192
WA,Bellevue,10503 NE 4th St,98004
WA,Bellevue,1328 156th Ave NE,98007
WA,Bellevue,4000 Factoria Blvd SE,98006
WA,Bellingham,4 Bellis Fair Pkwy,98226
WA,Burlington,1753 S Burlington Blvd,98233
WA,Marysville,17103 28th Dr NE,98271
WA,Everett,515 SE Everett Mall Way,98208
WA,Lynnwood,3000 184th St SW,98037
WA,Lynnwood,4120 196th St SW,98036
WA,Woodinville,13780 NE 175th St,98072
WA,Seattle,12725 Lake City Way NE,98125
WA,Federal Way,31827 Pacific Hwy S,98003
WA,Kent,512 Ramsay Way,98032
WA,Tukwila,17250 Southcenter Pkwy,98188
WA,Tacoma,4502 S Steele St,98409
WA,Tukwila,2800 Southcenter Mall,98188
WA,Issaquah,775 NW Gilman Blvd,98027
WA,Sammamish,22704 SE 4th St,98074
WA,Kennewick,1102 N Columbia Center Blvd,99336
WA,Richland,2673 Queensgate Dr,99352
WA,Renton,439 Rainier Ave S,98057
WA,Kirkland,12530 Totem Lake Blvd NE,98034
WA,Redmond,17875 Redmond Way,98052
WA,Seattle,2626 NE 46th St,98105
WA,Lacey,1177 Marvin Rd NE,98516
WA,Olympia,625 Black Lake Blvd SW,98501
WA,Lakewood,10427 Gravelly Lake Dr SW,98499
WA,Puyallup,12011 Meridian E,98373
WA,Seattle,1415 Broadway,98122
WA,Seattle,1501 4th Ave,98101
WA,Seattle,212 Westlake Ave N,98109
WA,Seattle,401 NE Northgate Way,98125
WA,Seattle,4229 University Way NE,98105
WA,Seattle,4730 California Ave SW,98116
WA,Silverdale,11065 Pacific Crest Pl NW,98383
WA,Spokane,930 N Division St,99202
WA,Vancouver,11600 SE Mill Plain Blvd,98684
WA,Vancouver,4311 NE Thurston Way,98662
WA,Vancouver,7715 NE 5th Ave,98665
WA,Wenatchee,1121 N Mission St,98801
WV,Barboursville,18 Mall Rd,25504
WV,Huntington,2151 5th Ave,25703
WV,Charleston,2811 Mountaineer Blvd,25309
WV,Morgantown,17 Chaplin Rd,26501
WV,Morgantown,461 High St,26505
WI,Appleton,W3198 County Road KK,54915
WI,Grand Chute,111 N Mall Dr,54913
WI,Ashwaubenon,2388 S Oneida St,54304
WI,Brookfield,15375 W Bluemound Rd,53005
WI,Brookfield,3705 N 124th St,53005
WI,Eau Claire,4738 Golf Rd,54701
WI,Hales Corners,5794 S 108th St,53130
WI,Milwaukee,3232 S 27th St,53215
WI,Wauwatosa,2711 N Mayfair Rd,53222
WI,Madison,658 State St,53703
WI,Madison,4628 E Washington Ave,53704
WI,Madison,4000 University Ave,53705
WI,Madison,7066 Sligo Dr,53717
WI,Menomonee Falls,W176N9360 Rivercrest Dr,53051
WI,Milwaukee,600 E Ogden Ave,53202
WI,Middleton,8422 Old Sauk Rd,53562
WI,Mount Pleasant,5720 Washington Ave,53406
WI,Pleasant Prairie,9370 76th St,53158