Address,Zip Code,Latitude,Longitude
"1805 Opelika Rd, Auburn, AL 36830",36830,32.626716,-85.443242
"3525 Roosevelt Blvd, Birmingham, AL 35235",35235,33.605687,-86.635594
"2027 Beltline Rd SW, Decatur, AL 35601",35601,34.5778,-87.019933
"3116 Montgomery Hwy, Dothan, AL 36303",36303,31.252109,-85.427155
"243 Cox Creek Pkwy, Florence, AL 35630",35630,34.834153,-87.630025
"1725 Rainbow Dr, Gadsden, AL 35901",35901,33.980628,-86.007564
"1818 University Dr NW, Huntsville, AL 35801",35801,34.741258,-86.599288
"3941 Airport Blvd, Mobile, AL 36608",36608,30.675613,-88.146068
"300 Eastdale Cir, Montgomery, AL 36117",36117,32.38259,-86.207348
"515 Quintard Drive, Oxford, AL 36203",36203,33.616783,-85.827221
"2620 McFarland Blvd E, Tuscaloosa, AL 35405",35405,33.185073,-87.526797
"1030 Montgomery Hwy, Vestavia Hills, AL 35216",35216,33.43865,-86.789728
"7240 W Ray Rd, Chandler, AZ 85226",85226,33.320471,-111.967792
"6149 E Southern Ave, Superstition Springs Mall Cir East, Mesa, AZ 85206",85206,33.39347,-111.698459
"1403 S Alma School Rd, Fiesta Mall, Mesa, AZ 85210",85210,33.387793,-111.856813
"2500 S Beulah Blvd, Flagstaff, AZ 86001",86001,35.176703,-111.662515
"3845 S Gilbert Rd, Gilbert, AZ 85297",85297,33.280351,-111.789189
"15311 W McDowell Rd, Goodyear, AZ 85395",85395,33.464166,-112.388483
"11695 N Oracle Rd, Oro Valley, AZ 85737",85737,32.418604,-110.938204
"7921 W Bell Rd, Peoria, AZ 85382",85382,33.637768,-112.229603
"10220 N 28th Dr, Phoenix, AZ 85051",85051,33.579057,-112.122169
"2810 N 75th Ave, Phoenix, AZ 85035",85035,33.478782,-112.221279
"4802 E Cactus Rd, Scottsdale, AZ 85254",85254,33.598226,-111.977568
"13709 W Bell Rd, Surprise, AZ 85374",85374,33.638333,-112.350904
"Phoenix, AZ 85042",85042,33.3911169,-111.9800592
"1821 E State Rte 69, Prescott, AZ 86301",86301,34.549467,-112.435017
"5061 N Oracle Rd, Tucson, AZ 85704",85704,32.297953,-110.979067
"5315 S Calle Santa Cruz, Tucson, AZ 85706",85706,32.155301,-110.987285
"5870 E Broadway Blvd Suite E-5, Tucson, AZ 85711",85711,32.221076,-110.867991
"1521 S, Yuma Palms Pkwy, Yuma, AZ 85365",85365,32.699676,-114.601838
"3885 N Shiloh Dr, Fayetteville, AR 72703",72703,36.122318,-94.145804
"7401 Rogers Ave, Fort Smith, AR 72903",72903,35.353029,-94.350361
"4500 Central Ave, Hot Springs, AR 71913",71913,34.451256,-93.078929
"2642 Red Wolf Blvd, Jonesboro, AR 72401",72401,35.810915,-90.668653
"8407 W Markham St, Little Rock, AR 72205",72205,34.751995,-92.367239
"3707 McCain Blvd, North Little Rock, AR 72116",72116,34.792937,-92.230257
"The Pines Mall, 3000 Pines Mall Dr, Pine Bluff, AR 71601",71601,34.20846,-91.970558
"1710 S 46th St, Rogers, AR 72758",72758,36.316262,-94.183881
"8180 Rosedale Hwy, Bakersfield, CA 93312",93312,35.383861,-119.093014
"250 Brea Mall Way, Brea, CA 92821",92821,33.915278,-117.883224
"22800 Vanowen St Ave, Canoga Park, CA 91307",91307,34.193374,-118.62378
"2010 Business Ln, Chico, CA 95928",95928,39.726287,-121.806513
"598 H St, Chula Vista, CA 91910",91910,32.630735,-117.089108
"6231 Sunrise Blvd, Citrus Heights, CA 95610",95610,38.679483,-121.272219
"17601 East, Castleton St, City of Industry, CA 91748",91748,33.994442,-117.919629
"1525 Travis Blvd, Fairfield, CA 94533",94533,38.258468,-122.057722
"39401 Fremont Blvd, Fremont, CA 94538",94538,37.544978,-121.98254
"1460 E Shaw Ave, Fresno, CA 93710",93710,36.808919,-119.761948
"12892 Harbor Blvd, Garden Grove, CA 92840",92840,33.77555,-117.917508
"3400 W Century Blvd, Inglewood, CA 90303",90303,33.945231,-118.331305
"8703 Murray Dr, La Mesa, CA 91942",91942,32.775721,-117.010834
"4333 Candlewood St, Lakewood, CA 90712",90712,33.854124,-118.141097
"503 E Calaveras Blvd, Milpitas, CA 95035",95035,37.433246,-121.896325
"3000 Sisk Rd, Modesto, CA 95350",95350,37.682462,-121.049231
"928 W Huntington Dr, Monrovia, CA 91016",91016,34.139736,-118.018931
"9345 Monte Vista Ave, Montclair, CA 91763",91763,34.084116,-117.697225
"El Camino Real, 2471 Vista Way, Oceanside, CA 92054",92054,33.181665,-117.334428
"4413 E, Mills Cir, Ontario, CA 91764",91764,34.076976,-117.556687
"1740 Ventura Blvd, Oxnard, CA 93036",93036,34.224549,-119.154705
"72291 CA-111, Palm Desert, CA 92260",92260,33.728929,-116.40376
"1041 W Avenue P, Palmdale, CA 93551",93551,34.605124,-118.148905
"4095 Century Blvd, Pittsburg, CA 94565",94565,38.007622,-121.843883
"1345 Dana Dr, Redding, CA 96003",96003,40.585285,-122.346915
"3700 Park Sierra Dr, Riverside, CA 92505",92505,33.903726,-117.471537
"6440 Redwood Dr, Rohnert Park, CA 94928",94928,38.347423,-122.714901
"1400 Howe Ave, Sacramento, CA 95825",95825,38.591155,-121.414862
"1720 N Main St, Salinas, CA 93906",93906,36.716227,-121.654473
"195 E Hospitality Ln, San Bernardino, CA 92408",92408,34.065644,-117.283806
"1210 El Camino Real, San Bruno, CA 94066",94066,37.638774,-122.421781
"8330 Mira Mesa Blvd, San Diego, CA 92126",92126,32.91313,-117.144782
"3780 Sports Arena Blvd, San Diego, CA 92110",92110,32.754811,-117.21668
"2040 Aborn Rd, San Jose, CA 95121",95121,37.310955,-121.807735
"5343 Almaden Expy, San Jose, CA 95118",95118,37.252343,-121.87622
"1525 S Bradley Rd, Santa Maria, CA 93454",93454,34.93319,-120.418546
"2283 W March Ln, Stockton, CA 95207",95207,37.98622,-121.334376
"41649 Margarita Rd, Temecula, CA 92591",92591,33.520215,-117.1526
"21233 Hawthorne Blvd, Torrance, CA 90503",90503,33.836236,-118.356459
"27524 The Old Rd, Valencia, CA 91355",91355,34.421369,-118.583268
"1180 Admiral Callaghan Ln, Vallejo, CA 94591",94591,38.13521,-122.215037
"12180 Amargosa Rd, Victorville, CA 92392",92392,34.472065,-117.346169
"1545 S Mooney Blvd, Visalia, CA 93277",93277,36.316696,-119.314574
"6139 S Southlands Pkwy, Aurora, CO 80016",80016,39.604723,-104.711491
"10854 E Alameda Ave, Aurora, CO 80012",80012,39.710633,-104.86201
"9067 East, Westview Rd, Lone Tree, CO 80124",80124,39.565523,-104.883862
"8268 E, Northfield Blvd, Denver, CO 80238",80238,39.779487,-104.893053
"4925 N Academy Blvd, Colorado Springs, CO 80918",80918,38.902828,-104.769699
"3510 New Center Point, Colorado Springs, CO 80922",80922,38.88231,-104.719069
"3301 S College Ave, Fort Collins, CO 80525",80525,40.542023,-105.077784
"575 24 1/2 Rd, Grand Junction, CO 81505",81505,39.088358,-108.599459
"2885 23rd Ave, Greeley, CO 80631",80631,40.391144,-104.71646
"810 S Wadsworth Blvd, Lakewood, CO 80226",80226,39.703416,-105.081023
"5656 S Wadsworth Blvd, Littleton, CO 80123",80123,39.613577,-105.090369
"2177 Ken Pratt Blvd, Longmont, CO 80501",80501,40.142411,-105.129105
"1350 W 104th Ave, Northglenn, CO 80234",80234,39.884607,-105.003099
"3306 N Elizabeth St, Pueblo, CO 81008",81008,38.304332,-104.614067
"4455 Wadsworth Blvd, Wheat Ridge, CO 80033",80033,39.777651,-105.081942
"4485 Main St, Bridgeport, CT 06606",6606,41.220451,-73.217502
"34 Backus Ave, Danbury, CT 06810",6810,41.375003,-73.486089
"320 Universal Dr N, North Haven, CT 06473",6473,41.353958,-72.872727
"1324 Silas Deane Hwy, Wethersfield, CT 06109",6109,41.684579,-72.654215
"271 N Dupont Hwy, Dover, DE 19901",19901,39.170983,-75.518432
"1249 New Churchman's Rd, Newark, DE 19713",19713,39.690131,-75.66123
"309 Rocky Run Pkwy, Talleyville, DE 19803",19803,39.819585,-75.549315
"2314 N Salisbury Blvd, Salisbury, MD 21801",21801,38.39858,-75.569937
"340 W State Rd 436, Altamonte Springs, FL 32714",32714,28.661328,-81.395474
"700 N Congress Ave, Boynton Beach, FL 33426",33426,26.533684,-80.090038
"5711 14th St W, Bradenton, FL 34207",34207,27.440029,-82.575057
"2604 W Brandon Blvd, Brandon, FL 33511",33511,27.940752,-82.325452
"26320 U.S. 19th North, Clearwater, FL 33761",33761,28.0118,-82.734786
"2475 S Hwy 27, Clermont, FL 34711",34711,28.537092,-81.736731
"2000 N University Dr, Coral Springs, FL 33071",33071,26.256021,-80.252425
"2625 W International Speedway Blvd, Daytona Beach, FL 32114",32114,29.175724,-81.081808
"3162 S Atlantic Ave, Daytona Beach Shores, FL 32118",32118,29.160774,-80.97506
"Doral, FL 33126",33126,25.7897571,-80.3357561
"1750 W 49th St, Hialeah, FL 33012",33012,25.866205,-80.318342
"11550 SW 88th St, Miami, FL 33176",33176,25.685951,-80.383432
"8705 SW 136th St, Miami, FL 33176",33176,25.645168,-80.334318
"13300 Biscayne Blvd, North Miami, FL 33181",33181,25.898051,-80.161592
"5950 N Federal Hwy, Fort Lauderdale, FL 33308",33308,26.201727,-80.108804
"3801 Cleveland Ave, Fort Myers, FL 33901",33901,26.606973,-81.87152
"6401 Darter Ct, Fort Pierce, FL 34945",34945,27.414263,-80.390547
"326 Miracle Strip Pkwy SW, Fort Walton Beach, FL 32548",32548,30.405597,-86.635027
"6910 W Newberry Rd, Gainesville, FL 32605",32605,29.660594,-82.416743
"2900 Oakwood Blvd, Hollywood, FL 33020",33020,26.03774,-80.162828
"2301 NE 8th St, Homestead, FL 33033",33033,25.478046,-80.443674
"13090 City Station Dr, Jacksonville, FL 32218",32218,30.475358,-81.643905
"32 Blanding Blvd, Orange Park, FL 32073",32073,30.187878,-81.740033
"416 Commerce Center Dr, Jacksonville, FL 32225",32225,30.329711,-81.550968
"8720 Baymeadows Rd, Jacksonville, FL 32256",32256,30.220389,-81.577526
"3544 NW Federal Hwy, Jensen Beach, FL 34957",34957,27.244533,-80.272524
"4010 W Vine St, Kissimmee, FL 34741",34741,28.303974,-81.443103
"7780 W Irlo Bronson Memorial Hwy, Kissimmee, FL 34747",34747,28.339274,-81.59718
"5690 W Irlo Bronson Memorial Hwy, Kissimmee, FL 34746",34746,28.332183,-81.513215
"2847 W US Hwy 90, Lake City, FL 32055",32055,30.180367,-82.678973
"6638 Lake Worth Rd, Lake Worth, FL 33467",33467,26.617234,-80.149276
"3706 North Dr #98, Lakeland, FL 33809",33809,28.089436,-81.974407
"10500 E Ulmerton Rd, Largo, FL 33771",33771,27.894097,-82.782614
"10010 US-441, Leesburg, FL 34788",34788,28.823765,-81.790695
"2355 W New Haven Ave, Melbourne, FL 32904",32904,28.078257,-80.660904
"215 E Merritt Island Causeway, Merritt Island, FL 32952",32952,28.356649,-80.695842
"1695 NW 87th Ave, Doral, FL 33172",33172,25.789372,-80.33639
"2355 Tamiami Trail N, Naples, FL 34103",34103,26.176355,-81.800236
"3393 SW College Rd, Ocala, FL 34474",34474,29.15697,-82.178883
"3552 E Colonial Dr, Orlando, FL 32803",32803,28.553022,-81.339985
"7373 W Colonial Dr, Orlando, FL 32818",32818,28.552549,-81.480343
"5936 International Dr, Orlando, FL 32819",32819,28.461768,-81.46156
"9892 International Dr, Orlando, FL 32819",32819,28.424539,-81.461657
"8003 Golden Sky Ln, Orlando, FL 32809",32809,28.45008,-81.393477
"12557 FL-535, Orlando, FL 32836",32836,28.381024,-81.502994
"450 S Orange Ave, Orlando, FL 32801",32801,28.537175,-81.3791295
"617 N Alafaya Trail, Orlando, FL 32828",32828,28.554431,-81.205673
"910 E 23rd St, Panama City, FL 32405",32405,30.188907,-85.64558
"296 N University Dr, Pembroke Pines, FL 33024",33024,26.011328,-80.248692
"Cordova Mall, 5110 N 9th Ave, Pensacola, FL 32504",32504,30.475802,-87.210379
"803 S University Dr, Plantation, FL 33324",33324,26.113155,-80.251331
"1331 Tamiami Trail, Port Charlotte, FL 33948",33948,27.011956,-82.146564
"8909 US-19, Port Richey, FL 34668",34668,28.286799,-82.714064
"100 FL-312 W, St. Augustine, FL 32086",32086,29.867397,-81.323833
"6151 34th St N, St. Petersburg, FL 33714",33714,27.82785,-82.67927
"20 Towne Center Cir, Sanford, FL 32771",32771,28.807269,-81.335509
"6747 S Tamiami Trail, Sarasota, FL 34231",34231,27.257373,-82.519164
"721 US-27, Sebring, FL 33870",33870,27.489831,-81.484185
"2328 Commercial Way, Spring Hill, FL 34606",34606,28.46632,-82.621408
"2583 N Monroe St, Tallahassee, FL 32303",32303,30.47634,-84.296401
"17021 Palm Pointe Dr, Tampa, FL 33647",33647,28.117482,-82.379968
"2625 E Busch Blvd, Tampa, FL 33612",33612,28.032213,-82.429262
"11601 N Dale Mabry Hwy, Tampa, FL 33618",33618,28.054556,-82.503337
"3830 Wedgewood Ln, The Villages, FL 32162",32162,28.927855,-82.024156
"2201 Palm Beach Lakes Blvd, West Palm Beach, FL 33409",33409,26.711689,-80.096749
"230 Cypress Gardens Blvd, Winter Haven, FL 33880",33880,28.003608,-81.725051
"2403 N Slappey Blvd, Albany, GA 31701",31701,31.60955,-84.176177
"1956 W Broad St, Athens, GA 30606",30606,33.95179,-83.403083
"3360 Camp Creek Pkwy, Atlanta, GA 30344",30344,33.656963,-84.499834
"440 Walton Way, Augusta, GA 30901",30901,33.465216,-81.96136
"2847 Washington Rd, Augusta, GA 30909",30909,33.511442,-82.035651
"1805 East-West Connector S.W, Austell, GA 30106",30106,33.853639,-84.605487
"3230 Buford Dr, Buford, GA 30519",30519,34.064976,-83.990079
"1405 Riverstone Pkwy, Canton, GA 30114",30114,34.249995,-84.477069
"375 Cherokee Pl, Cartersville, GA 30121",30121,34.172687,-84.782001
"1425 13th St, Columbus, GA 31901",31901,32.471507,-84.971129
"2679 Adams Farm Dr, Columbus, GA 31909",31909,32.544372,-84.948409
"1560 Dogwood Dr SE, Conyers, GA 30013",30013,33.647864,-83.994391
"901 W Bridge Rd, Dalton, GA 30720",30720,34.760018,-85.003411
"2522 Candler Rd, Decatur, GA 30032",30032,33.716444,-84.273663
"3100 Bill Arp Rd, Douglasville, GA 30135",30135,33.720246,-84.763662
"2105 Veterans Blvd, Dublin, GA 31021",31021,32.542218,-82.954462
"2055 Pleasant Hill Rd, Duluth, GA 30096",30096,33.955604,-84.13297
"1707 Browns Bridge Rd, Gainesville, GA 30501",30501,34.28448,-83.844709
"6550 Tara Blvd, Jonesboro, GA 30236",30236,33.575668,-84.371421
"2626 George Busbee Pkwy NW, Kennesaw, GA 30144",30144,34.014922,-84.56672
"2077 Riverside Dr, Macon, GA 31204",31204,32.857568,-83.644893
"1846 Jonesboro Rd, McDonough, GA 30253",30253,33.464868,-84.216527
"990 Bullsboro Dr, Newnan, GA 30265",30265,33.39741,-84.745554
"1359 Sam Nunn Blvd, Perry, GA 31069",31069,32.466921,-83.739737
"700 Shorter Ave NW, Rome, GA 30165",30165,34.266251,-85.201469
"1050 Holcomb Bridge Rd, Roswell, GA 30076",30076,34.024504,-84.329538
"11 W E Montgomery Cross Rd, Savannah, GA 31406",31406,31.998281,-81.123229
"2579 Cobb Pkwy SE, Smyrna, GA 30080",30080,33.889744,-84.474448
"4001 GA-78 W, Snellville, GA 30039",30039,33.838521,-84.068975
"101 S Virginia Ave, Tifton, GA 31794",31794,31.456897,-83.526753
"3937 Lavista Rd, Tucker, GA 30084",30084,33.844738,-84.255662
"1179 N St Augustine Rd, Valdosta, GA 31601",31601,30.840423,-83.320841
"1765 Ala Moana Blvd, Honolulu, HI 96815",96815,21.285613,-157.839143
"550 N Milwaukee St, Boise, ID 83704",83704,43.609556,-116.284327
"212 E Neider Ave, Coeur d'Alene, ID 83815",83815,47.706925,-116.790708
"2115 Thain Grd, Lewiston, ID 83501",83501,46.399963,-117.000516
"4105 N Yellowstone Hwy, Pocatello, ID 83202",83202,42.907745,-112.466871
"170 E Beltline Pkwy, Alton, IL 62002",62002,38.921077,-90.17331
"1036 N, Illinois Rte 59, Aurora, IL 60504",60504,41.77415,-88.206255
"391 W Army Trail Rd, Bloomingdale, IL 60108",60108,41.939844,-88.115682
"714 S Eldorado Rd, Bloomington, IL 61704",61704,40.471774,-88.951988
"209 S Weber Rd, Bolingbrook, IL 60490",60490,41.69322,-88.123273
"1604 N State Rte 50, Bourbonnais, IL 60914",60914,41.174237,-87.850754
"1901 N Prospect Ave, Champaign, IL 61822",61822,40.138433,-88.25849
"5201 S Pulaski Rd, Chicago, IL 60632",60632,41.798412,-87.722733
"3217 N Vermilion St, Danville, IL 61832",61832,40.176417,-87.629592
"3001 Finley Rd, Downers Grove, IL 60515",60515,41.833097,-88.024404
"110 Ludwig Dr, Fairview Heights, IL 62208",62208,38.600549,-89.992023
"997 S, State Route 51, Forsyth, IL 62535",62535,39.920528,-88.956154
"902 Commons Dr, Geneva, IL 60134",60134,41.896544,-88.341252
"6230 Grand Ave, Gurnee, IL 60031",60031,42.384332,-87.956429
"2950 Plainfield Rd, Joliet, IL 60435",60435,41.578095,-88.160616
"3301 W Touhy Ave, Lincolnwood, IL 60712",60712,42.011558,-87.712328
"2900 W Deyoung St, Marion, IL 62959",62959,37.7455,-88.97522
"3915 W 211th St, Matteson, IL 60443",60443,41.505712,-87.711913
"4401 N Cumberland Ave, Norridge, IL 60706",60706,41.959992,-87.836204
"9500 SW Hwy, Oak Lawn, IL 60453",60453,41.719066,-87.769708
"14750 South La Grange Road, Orland Park, IL 60462",60462,41.621599,-87.854226
"4625 N Sterling Ave, Peoria, IL 61615",61615,40.74429,-89.632241
"4381 Venture Dr, Peru, IL 61354",61354,41.362981,-89.126223
"5827 E State St, Rockford, IL 61108",61108,42.26582,-89.00285
"800 E Golf Rd, Schaumburg, IL 60173",60173,42.050567,-88.059327
"2696 S Dirksen Pkwy, Springfield, IL 62703",62703,39.766937,-89.606733
"701 Spring Hill Ring Rd, West Dundee, IL 60118",60118,42.102131,-88.289741
"5806 S Scatterfield Rd, Anderson, IN 46013",46013,40.05679,-85.652138
"10189 E US Hwy 36, Avon, IN 46123",46123,39.763226,-86.342695
"2617 E 3rd St, Bloomington, IN 47401",47401,39.164615,-86.499189
"951 E Lewis and Clark Pkwy Suite 3004, Clarksville, IN 47129",47129,38.317369,-85.761902
"2000 25th St, Columbus, IN 47201",47201,39.223473,-85.902534
"3009 Brittany Ct, Elkhart, IN 46514",46514,41.729179,-85.972619
"3930 N Main St, Mishawaka, IN 46545",46545,41.697551,-86.181813
"4605 Bellemeade Ave, Evansville, IN 47714",47714,37.967392,-87.494471
"4825 Coldwater Rd, Fort Wayne, IN 46825",46825,41.12352,-85.136316
"690 East Thompson Rd, Indianapolis, IN 46227",46227,39.693837,-86.145882
"1752 Shadeland Ave, Indianapolis, IN 46219",46219,39.791797,-86.046221
"5090 W 38th St, Indianapolis, IN 46254",46254,39.824326,-86.24672
"6410 E 82nd St, Indianapolis, IN 46250",46250,39.905847,-86.057396
"1900 S Reed Rd, Kokomo, IN 46902",46902,40.464087,-86.107287
"120 S Creasy Ln, Lafayette, IN 47905",47905,40.416993,-86.840063
"1450 E 82nd Ave, Merrillville, IN 46410",46410,41.470264,-87.318936
"4353 Franklin St, Michigan City, IN 46360",46360,41.675398,-86.894674
"223 W McGalliard Rd, Muncie, IN 47303",47303,40.218594,-85.388663
"9311 Calumet Ave, Munster, IN 46321",46321,41.544267,-87.508415
"5400 National Rd E, Richmond, IN 47374",47374,39.8329,-84.828361
"3407 S US Hwy 41, Terre Haute, IN 47802",47802,39.426572,-87.417133
"1100 Buckeye Ave, Ames, IA 50010",50010,42.013153,-93.610873
"163 Collins Rd NE, Cedar Rapids, IA 52402",52402,42.027353,-91.628801
"2671 2nd St, Coralville, IA 52241",52241,41.68874,-91.607286
"3040 Dial Dr, Council Bluffs, IA 51501",51501,41.229772,-95.850252
"3420 E Kimberly Rd, Davenport, IA 52807",52807,41.551205,-90.523014
"4290 Sergeant Rd, Sioux City, IA 51106",51106,42.448961,-96.353646
"941 E San Marnan Dr, Waterloo, IA 50702",50702,42.458156,-92.337421
"3838 Westown Pkwy, West Des Moines, IA 50266",50266,41.595061,-93.756325
"10700 Parallel Pkwy, Kansas City, KS 66109",66109,39.128866,-94.827457
"9475 Metcalf Ave, Overland Park, KS 66212",66212,38.95718,-94.667084
"450 NW Barry Rd, Kansas City, MO 64155",64155,39.246737,-94.585282
"14904 W 119th St, Olathe, KS 66062",66062,38.913213,-94.758918
"4328 S Noland Rd, Independence, MO 64055",64055,39.041411,-94.415848
"2925 S 9th St, Salina, KS 67401",67401,38.785176,-97.612088
"2011 SW Wanamaker Rd, Topeka, KS 66604",66604,39.03036,-95.76274
"333 S. Towne East Mall Drive, Wichita, KS 67207",67207,37.682191,-97.2521
"555 S West St, Wichita, KS 67213",67213,37.675374,-97.389982
"Greenwood Mall, 2525 Scottsville Rd, Bowling Green, KY 42104",42104,36.951351,-86.426222
"2020 N Dixie Hwy, Elizabethtown, KY 42701",42701,37.739077,-85.890216
"7921 Dream St, Florence, KY 41042",41042,38.989244,-84.642155
"2550 Nicholasville Rd, Lexington, KY 40503",40503,37.998541,-84.519721
"1848 Alysheba Way, Lexington, KY 40509",40509,38.01894,-84.418456
"828 Eastern Bypass, Richmond, KY 40475",40475,37.730879,-84.281482
"4639 Outer Loop, Louisville, KY 40219",40219,38.138303,-85.677044
"986 Breckenridge Ln, St Matthews, KY 40207",40207,38.232446,-85.639621
"3410 Frederica St, Owensboro, KY 42301",42301,37.738053,-87.119253
"5151 Hinkleville Rd, Paducah, KY 42001",42001,37.075839,-88.691117
"6051 Bluebonnet Blvd, Baton Rouge, LA 70836",70836,30.393298,-91.087077
"2968 E Texas St, Bossier City, LA 71111",71111,32.528308,-93.703184
"3020 N Causeway Blvd, Metairie, LA 70002",70002,30.007424,-90.155475
"4601 Pecanland Mall Dr, Monroe, LA 71203",71203,32.496975,-92.063518
"183 Jennifer Rd, Annapolis, MD 21401",21401,38.985102,-76.544509
"615 Belair Rd, Bel Air, MD 21014",21014,39.524606,-76.355424
"9011 Snowden Square Dr, Columbia, MD 21046",21046,39.183564,-76.819083
"1020 W Patrick St, Frederick, MD 21703",21703,39.41611,-77.439869
"15700 Shady Grove Rd, Gaithersburg, MD 20877",20877,39.113476,-77.187258
"1681 Wesel Blvd, Hagerstown, MD 21740",21740,39.630196,-77.762243
"7063 Arundel Mills Blvd, Hanover, MD 21076",21076,39.154239,-76.729652
"8905 Annapolis Rd, Lanham, MD 20706",20706,38.960491,-76.862907
"14368 Baltimore Ave, Laurel, MD 20707",20707,39.085857,-76.861746
"8019 Honeygo Blvd, Nottingham, MD 21236",21236,39.371468,-76.468897
"3 Restaurant Park Dr N, Owings Mills, MD 21117",21117,39.404619,-76.792716
"8533 Georgia Ave, Silver Spring, MD 20910",20910,38.996062,-77.027218
"5051 Auth Way, Suitland-Silver Hill, MD 20746",20746,38.826458,-76.920802
"11035 Mall Cir, Waldorf, MD 20603",20603,38.616071,-76.922422
"1420 S Main St, Adrian, MI 49221",49221,41.876178,-84.043951
"2420 Carpenter Rd, Ann Arbor, MI 48108",48108,42.251393,-83.681286
"2565 Capitol Ave. S.W, Battle Creek, MI 49015",49015,42.264579,-85.198368
"4109 Wilder Rd, Bay City, MI 48706",48706,43.624354,-83.892681
"6850 N Telegraph Rd, Dearborn Heights, MI 48127",48127,42.338284,-83.272403
"4417 W Pierson Rd, Flint, MI 48504",48504,43.060098,-83.768845
"4220 24th Ave, Fort Gratiot Twp, MI 48059",48059,43.032203,-82.455615
"3464, Point Circle, Grandville, MI 49418",49418,42.883025,-85.749646
"2400 Shirley Dr, Jackson, MI 49202",49202,42.276859,-84.429837
"3920 28th St SE, Kentwood, MI 49512",49512,42.912111,-85.570781
"3130 E Saginaw St, Lansing, MI 48912",48912,42.740415,-84.507007
"29980 Plymouth Rd, Livonia, MI 48150",48150,42.369571,-83.338167
"101 W Twelve Mile Rd, Madison Heights, MI 48071",48071,42.504343,-83.107404
"2923 US-41 West, Marquette, MI 49855",49855,46.548801,-87.453411
"1553 N Dixie Hwy, Monroe, MI 48162",48162,41.9286,-83.353704
"4062 E. Bluegrass Road, Mt Pleasant, MI 48858",48858,43.574944,-84.766174
"1681 E Sternberg Rd, Muskegon, MI 49444",49444,43.153519,-86.203861
"27760 Novi Rd, Novi, MI 48377",48377,42.49065,-83.475102
"6535 S Westnedge Ave, Portage, MI 49002",49002,42.221645,-85.588899
"2825 S Rochester Rd, Rochester Hills, MI 48307",48307,42.639207,-83.131247
"4141 Bay Rd, Saginaw, MI 48603",48603,43.46739,-83.976246
"13999 Eureka Rd, Southgate, MI 48195",48195,42.198952,-83.19424
"13800 Hall Rd, Sterling Heights, MI 48313",48313,42.626157,-82.9898
"2691 N U.S. 31 S, Traverse City, MI 49684",49684,44.727435,-85.646892
"25901 Hoover Rd, Warren, MI 48089",48089,42.484817,-83.006921
"479 Telegraph Rd, Waterford Twp, MI 48328",48328,42.647466,-83.326777
"5774 N Wayne Rd, Westland, MI 48185",48185,42.325961,-83.388104
"1951 American Blvd W, Bloomington, MN 55431",55431,44.858178,-93.304251
"1301 County Rd 42 W, Burnsville, MN 55306",55306,44.746022,-93.297357
"301 S Lake Ave, Duluth, MN 55802",55802,46.784051,-92.096702
"8900 Golden Valley Rd, Golden Valley, MN 55427",55427,44.985155,-93.393643
"1890 E, Madison Ave, Mankato, MN 56001",56001,44.167332,-93.950173
"12515 Elm Creek Blvd N, Maple Grove, MN 55369",55369,45.093862,-93.439288
"2925 White Bear Ave, Maplewood, MN 55109",55109,45.02868,-93.018755
"8500 State Hwy 47, Minneapolis, MN 55433",55433,45.125029,-93.265501
"8350 3rd St N, Oakdale, MN 55128",55128,44.951094,-92.935296
"2330 Prior Ave N, Roseville, MN 55113",55113,45.010981,-93.181642
"2920 W Division St, St Cloud, MN 56301",56301,45.552867,-94.193964
"2675 32nd Ave S, Grand Forks, ND 58201",58201,47.888897,-97.066133
"4215 13th Ave S, Fargo, ND 58103",58103,46.862253,-96.852932
"3333 WI-16, La Crosse, WI 54601",54601,43.867077,-91.202895
"3897 Promenade Pkwy, D'Iberville, MS 39540",39540,30.454824,-88.901898
"4670 Hardy St, Hattiesburg, MS 39402",39402,31.323333,-89.360847
"6357 Interstate 55 North Frontage Rd, Jackson, MS 39213",39213,32.397565,-90.146726
"201 S Frontage Rd, Meridian, MS 39301",39301,32.364216,-88.674691
"6535 Airways Blvd, Southaven, MS 38671",38671,34.955891,-89.990671
"895 Barnes Crossing Rd, Tupelo, MS 38804",38804,34.314918,-88.703756
"3559 Shepherd of the Hills Expy, Branson, MO 65616",65616,36.652233,-93.288157
"12235 St Charles Rock Rd, Bridgeton, MO 63044",63044,38.752078,-90.426527
"3269 William St, Cape Girardeau, MO 63703",63703,37.302051,-89.57791
"17204 Chesterfield Airport Rd, Chesterfield, MO 63005",63005,38.667902,-90.59567
"1110 Interstate 70 Dr SW, Columbia, MO 65203",65203,38.96432,-92.354935
"3519 Country Club Dr, Jefferson City, MO 65109",65109,38.583503,-92.250113
"2141 S Glenstone Ave, Springfield, MO 65804",65804,37.175169,-93.262973
"9838 Watson Rd, St. Louis, MO 63126",63126,38.556239,-90.390499
"1716 Interstate 70 Dr SW, Columbia, MO 65203",65203,38.9655318,-92.364948
"3131 N Rangeline Rd, Joplin, MO 64801",64801,37.055462,-94.477757
"670 NW Blue Pkwy, Lee's Summit, MO 64063",64063,38.9265,-94.402165
"2381 Maplewood Commons Dr, Maplewood, MO 63143",63143,38.61784,-90.332907
"5733 S Lindbergh Blvd, St. Louis, MO 63123",63123,38.522261,-90.349954
"4101 Frederick Ave, St Joseph, MO 64506",64506,39.777445,-94.795003
"1831 Sidney St, St. Louis, MO 63104",63104,38.6033472,-90.2154306
"1820 Market St, St. Louis, MO 63103",63103,38.6279862,-90.2080758
"736 S Broadway, St. Louis, MO 63102",63102,38.6188501,-90.1924284
"4561 Gravois Ave, St. Louis, MO 63116",63116,38.5843422,-90.2636623
"4101 Veterans Memorial Pkwy, St Peters, MO 63376",63376,38.795084,-90.572292
"2250 King Ave W, Billings, MT 59102",59102,45.754741,-108.572218
"3430 W 13th St, Grand Island, NE 68803",68803,40.931981,-98.382787
"121 2nd Ave E, Kearney, NE 68847",68847,40.6743,-99.084785
"6540 O St, Lincoln, NE 68510",68510,40.813901,-96.631221
"2707 S 140th St, West Omaha, NE 68144",68144,41.233447,-96.133365
"330 S 72nd St, Omaha, NE 68114",68114,41.256198,-96.024421
"570 Marks St, Henderson, NV 89014",89014,36.062443,-115.035987
"2325 E Flamingo Rd, Las Vegas, NV 89119",89119,36.114385,-115.120483
"200 S Decatur Blvd, Las Vegas, NV 89107",89107,36.171729,-115.206493
"1870 W Craig Rd, North Las Vegas, NV 89031",89031,36.2395816,-115.1685566
"5015 Kietzke Ln, Reno, NV 89511",89511,39.47628,-119.795469
"1271 US-22, Bridgewater Township, NJ 08807",8807,40.578635,-74.580504
"2100 NJ-38, Cherry Hill, NJ 08002",8002,39.939644,-75.021509
"3003 Route 130 South, Delran, NJ 08075",8075,40.012277,-74.962735
"750 Highway 18, North Dr, East Brunswick, NJ 08816",8816,40.425907,-74.380199
"635 U.S, US-1, Iselin, NJ 08830",8830,40.558693,-74.306286
"3255 Brunswick Pike, Lawrenceville, NJ 08648",8648,40.290608,-74.688289
"303 Route 10, Ledgewood Mall, Roxbury Township, NJ 07852",7852,40.873309,-74.649224
"4411 E Black Horse Pike, Mays Landing, NJ 08330",8330,39.451939,-74.644088
"2200 NJ-35, Oakhurst, NJ 07755",7755,40.271598,-74.043326
"211 NJ-17 S, Paramus, NJ 07652",7652,40.935217,-74.071432
"700 Plaza Dr, Secaucus, NJ 07094",7094,40.786442,-74.046047
"7000 Hadley Rd, South Plainfield, NJ 07080",7080,40.55415,-74.432341
"1298 Hooper Ave, Toms River, NJ 08753",8753,39.986935,-74.179244
"2520 US, US-22, Union, NJ 07083",7083,40.689418,-74.302256
"3849 S Delsea Dr, Vineland, NJ 08360",8360,39.432536,-75.039769
"520 US-46, Wayne, NJ 07470",7470,40.894006,-74.241885
"1500 Almonesson Rd, Woodbury, NJ 08096",8096,39.826139,-75.100451
"5555 Montgomery Blvd NE, Albuquerque, NM 87109",87109,35.131839,-106.578569
"10520 Coors Bypass NW, Albuquerque, NM 87114",87114,35.208446,-106.657673
"2601 N Prince St, Clovis, NM 88101",88101,34.424645,-103.196103
"3451 E Main St, Farmington, NM 87402",87402,36.748917,-108.159859
"575 S Telshor Blvd, Las Cruces, NM 88011",88011,32.314267,-106.742576
"2625 N Main St, Roswell, NM 88201",88201,33.426619,-104.522515
"4450 Rodeo Rd, Santa Fe, NM 87507",87507,35.637924,-106.015656
"4010 Maple Rd, Amherst, NY 14226",14226,42.991256,-78.814201
"2090 Bartow Ave, The Bronx, NY 10475",10475,40.869059,-73.826987
"455 Gateway Dr, Brooklyn, NY 11239",11239,40.65089,-73.86991
"1000 McKinley Mall, Buffalo, NY 14219",14219,42.788019,-78.808799
"211 Old Country Rd #217, Carle Place, NY 11514",11514,40.74403,-73.613392
"170 Wolf Rd, Colonie, NY 12205",12205,42.722455,-73.802478
"801 Sunrise Hwy, Copiague, NY 11726",11726,40.688966,-73.408326
"1700 The Arches Cir, Deer Park, NY 11729",11729,40.7622743,-73.3038236
"88-01 Queens Blvd, Queens, NY 11373",11373,40.735432,-73.874396
"1 Nevada St, Hicksville, NY 11801",11801,40.777092,-73.52772
"3328 Chambers Rd S, Horseheads, NY 14845",14845,42.161168,-76.877903
"1 Miron Ln, Kingston, NY 12401",12401,41.960867,-73.98976
"295 E Fairmount Ave, Lakewood, NY 14750",14750,42.099063,-79.305425
"3938 NY-31, Liverpool, NY 13090",13090,43.184833,-76.23945
"450 NY-211 E, Middletown, NY 10940",10940,41.455097,-74.382048
"198 W Rte 59, Nanuet, NY 10954",10954,41.100079,-74.020322
"4573 Commercial Dr, New Hartford, NY 13413",13413,43.08619,-75.316568
"5135 Xavier Dr, Yonkers, NY 10704",10704,40.927105,-73.852441
"5 Times Square #5, New York, NY 10036",10036,40.755587,-73.98753
"261 W 125th St, New York, NY 10027",10027,40.810073,-73.950483
"230 Park Avenue at the corner of Vanderbilt Ave. and, E 45th St, New York, NY 10169",10169,40.7543721,-73.9761826
"284 Van Brunt St, Brooklyn, NY 11231",11231,40.6797578,-74.0103105
"606 West Sunrise Hwy, Valley Stream, NY 11581",11581,40.665243,-73.722146
"999 Central Park Ave, Scarsdale, NY 10583",10583,40.990296,-73.823046
"222 Lafayette St, New York, NY 10012",10012,40.7221127,-73.9975893
"5010 Express Dr S, Ronkonkoma, NY 11779",11779,40.813145,-73.100804
"2255 South Rd, Poughkeepsie, NY 12601",12601,41.643385,-73.92191
"750 Upper, Glen St, Queensbury, NY 12804",12804,43.329415,-73.670144
"1515 W Ridge Rd, Rochester, NY 14615",14615,43.205005,-77.667998
"655 Jefferson Rd, Rochester, NY 14623",14623,43.086514,-77.62513
"2220 Nesconset Hwy, Stony Brook, NY 11790",11790,40.873638,-73.124599
"2965 Erie Blvd E, Syracuse, NY 13224",13224,43.055909,-76.087312
"213 Village Dr, Syracuse, NY 13206",13206,43.0730549,-76.1178236
"1200 Vestal Pkwy E, Vestal, NY 13850",13850,42.091542,-76.029668
"20831 NY-3, Watertown, NY 13601",13601,43.975016,-75.956795
"7540 Transit Rd, Williamsville, NY 14221",14221,42.973719,-78.697493
"139 Tunnel Rd, Asheville, NC 28805",28805,35.591838,-82.530933
"1726 Glidewell Dr, Burlington, NC 27215",27215,36.0675054,-79.5176174
"1805 Walnut St, Cary, NC 27518",27518,35.760887,-78.743214
"8012 Concord Mills Boulevard, Concord, NC 28027",28027,35.370765,-80.715896
"4416 Durham-Chapel Hill Blvd, Durham, NC 27707",27707,35.964486,-78.972943
"533 N McPherson Church Rd, Fayetteville, NC 28303",28303,35.077071,-78.95517
"200 N New Hope Rd, Gastonia, NC 28054",28054,35.264737,-81.150891
"4415 W Wendover Ave, Greensboro, NC 27407",27407,36.055021,-79.897312
"3501 S Memorial Dr, Greenville, NC 27834",27834,35.567328,-77.402595
"1846 US-70 SE, Hickory, NC 28602",28602,35.706875,-81.307223
"304 A Western Blvd, Jacksonville, NC 28546",28546,34.760056,-77.381355
"9801 Independence Pointe Pkwy, Matthews, NC 28105",28105,35.133645,-80.713401
"9415 Pineville-Matthews Rd, Pineville, NC 28134",28134,35.086714,-80.877034
"4408 Old Wake Forest Rd, Raleigh, NC 27609",27609,35.841141,-78.610722
"1010 N Wesleyan Blvd, Rocky Mount, NC 27804",27804,35.970805,-77.810263
"1145 Glenway Dr, Statesville, NC 28625",28625,35.809267,-80.868865
"1690 Westbrook Plaza Dr, Winston-Salem, NC 27103",27103,36.068571,-80.305964
"1130 E Century Ave, Bismarck, ND 58503",58503,46.838501,-100.773843
"3901 Medina Rd, Akron, OH 44333",44333,41.136396,-81.640329
"3013 N Ridge Rd E, Ashtabula, OH 44004",44004,41.877819,-80.757052
"3655 Orange Pl, Beachwood, OH 44122",44122,41.459639,-81.487483
"2803 N Fairfield Rd, Beavercreek, OH 45431",45431,39.771364,-84.052727
"4600 Belden Village St NW, Canton, OH 44718",44718,40.856068,-81.433846
"1079 N Bridge St, Chillicothe, OH 45601",45601,39.359103,-82.975693
"320 Cincinnati Mills Dr, Cincinnati, OH 45240",45240,39.302603,-84.522908
"616 Ohio Pike, Cincinnati, OH 45245",45245,39.066047,-84.294467
"8220 Montgomery Rd, Cincinnati, OH 45236",45236,39.205548,-84.366475
"3564 Springdale Rd, Cincinnati, OH 45251",45251,39.249607,-84.595955
"1520 Georgesville Rd, Columbus, OH 43228",43228,39.920333,-83.125177
"2147 S Hamilton Rd, Columbus, OH 43232",43232,39.930821,-82.880071
"1270 Polaris Pkwy, Columbus, OH 43240",43240,40.142168,-82.985486
"1691 E Dublin Granville Rd, Columbus, OH 43229",43229,40.086347,-82.972826
"6091 Sawmill Rd, Dublin, OH 43017",43017,40.0902652,-83.0922592
"1090 Graham Rd, Cuyahoga Falls, OH 44224",44224,41.162537,-81.474183
"6500 Miller Ln, Dayton, OH 45414",45414,39.842561,-84.191586
"8200 N Springboro Pike, Miamisburg, OH 45342",45342,39.6314871,-84.2250014
"6935 Midway Mall, Elyria, OH 44035",44035,41.3983352,-82.1151784
"17227 Southpark Center, Strongsville, OH 44136",44136,41.311557,-81.820997
"2340 Tiffin Ave, Findlay, OH 45840",45840,41.056029,-83.596413
"909 Hebron Rd, Heath, OH 43056",43056,40.026868,-82.447033
"1515 River Valley Cir N, Lancaster, OH 43130",43130,39.732411,-82.624417
"2150 Harding Hwy, Lima, OH 45804",45804,40.730345,-84.0656
"2322 W 4th St, Mansfield, OH 44906",44906,40.774259,-82.598615
"1318 Mt Vernon Ave, Marion, OH 43302",43302,40.581464,-83.09435
"1422 S Reynolds Rd, Maumee, OH 43537",43537,41.583574,-83.664282
"4990 Monroe St, Toledo, OH 43623",43623,41.69826,-83.641003
"7744 Reynolds Rd, Mentor, OH 44060",44060,41.660607,-81.378885
"255 Graff Rd SE, New Philadelphia, OH 44663",44663,40.480039,-81.444533
"5701 Youngstown Warren Rd, Niles, OH 44446",44446,41.210144,-80.74897
"25615 Brookpark Rd, North Olmsted, OH 44070",44070,41.418315,-81.904746
"7607 Day Dr, Parma, OH 44129",44129,41.380018,-81.736628
"991 E Ash St, Piqua, OH 45356",45356,40.150588,-84.223395
"50740 Valley, Center St, St Clairsville, OH 43950",43950,40.074141,-80.87063
"Mall, 4016 Milan Rd, Sandusky, OH 44870",44870,41.419834,-82.675004
"1898 W 1st St, Springfield, OH 45504",45504,39.941966,-83.839608
"3805 Burbank Rd, Wooster, OH 44691",44691,40.846097,-81.94343
"1410 Boardman Poland Rd, Youngstown, OH 44514",44514,41.024707,-80.629137
"755 Zane St, Zanesville, OH 43701",43701,39.948116,-82.001719
"3112 NW Cache Rd, Lawton, OK 73505",73505,34.623081,-98.431668
"225 W Shawnee St, Muskogee, OK 74401",74401,35.769324,-95.362007
"302 N Interstate Dr, Norman, OK 73072",73072,35.220993,-97.486519
"4243 NW Expressway Street, Oklahoma City, OK 73116",73116,35.540122,-97.595801
"2625 W Memorial Rd, Oklahoma City, OK 73134",73134,35.610176,-97.561928
"1000 W Interstate 240 Service Rd, Oklahoma City, OK 73139",73139,35.39065,-97.532021
"435 Shawnee Mall Dr, Shawnee, OK 74804",74804,35.385119,-96.926964
"102 E Hall of Fame Ave, Stillwater, OK 74075",74075,36.127222,-97.058338
"4525 E 51st St, Tulsa, OK 74135",74135,36.09025,-95.925289
"6728 S Memorial Dr, Tulsa, OK 74133",74133,36.064884,-95.886923
"1085 Valley River Way, Eugene, OR 97401",97401,44.069615,-123.1031031
"240 NW Burnside Rd, Gresham, OR 97030",97030,45.508982,-122.433253
"2200 Crater Lake Hwy, Medford, OR 97504",97504,42.348604,-122.877982
"521 Lancaster Dr NE, Salem, OR 97301",97301,44.937367,-122.9833881
"10330 SW Greenburg Rd, Tigard, OR 97223",97223,45.445523,-122.77596
"3330 Pleasant Valley Blvd, Altoona, PA 16602",16602,40.482793,-78.400988
"3588 PA-611, Bartonsville, PA 18321",18321,41.000359,-75.270827
"104 Moraine Pointe Plaza, Butler, PA 16001",16001,40.87772,-79.95125
"935 Wayne Ave, Chambersburg, PA 17201",17201,39.914396,-77.652934
"813 E DuBois Ave, DuBois, PA 15801",15801,41.124738,-78.738366
"2040 Edinboro Road, Millcreek Mall, Erie, PA 16509",16509,42.064744,-80.098628
"5080 US-30 E, Greensburg, PA 15601",15601,40.300895,-79.492023
"407 Eisenhower Dr, Hanover, PA 17331",17331,39.824704,-76.9805
"4300 Jonestown Rd, Harrisburg, PA 17109",17109,40.299569,-76.820175
"3370 Shenango Valley Fwy, Hermitage, PA 16148",16148,41.230732,-80.447703
"525 Galleria Dr, Johnstown, PA 15904",15904,40.2978,-78.836327
"425 W Dekalb Pike, King of Prussia, PA 19406",19406,40.090657,-75.373309
"2090 Lincoln Hwy E, Lancaster, PA 17602",17602,40.03039,-76.235892
"2275 Lincoln Hwy, Langhorne, PA 19047",19047,40.178281,-74.880185
"640 Cowpath Rd, Lansdale, PA 19446",19446,40.247645,-75.245023
"16736 Conneaut Lake Rd, Meadville, PA 16335",16335,41.623584,-80.201514
"4711 Carlisle Pike, Mechanicsburg, PA 17050",17050,40.237877,-76.96378
"3941 William Penn Hwy, Monroeville, PA 15146",15146,40.438401,-79.775403
"9140 Roosevelt Blvd E, Philadelphia, PA 19115",19115,40.075949,-75.034346
"259 Clairton Blvd, Pittsburgh, PA 15236",15236,40.338331,-79.952066
"6150 Robinson Centre Dr, Pittsburgh, PA 15205",15205,40.451402,-80.16061
"4766 McKnight Rd, Pittsburgh, PA 15237",15237,40.519447,-80.004391
"223 Shoemaker Rd, Pottstown, PA 19464",19464,40.254113,-75.660487
"1502 Scranton Carbondale Hwy, Scranton, PA 18508",18508,41.470387,-75.636723
"1 Baltimore Pike, Springfield, PA 19064",19064,39.924088,-75.312216
"1670 N Atherton St, State College, PA 16803",16803,40.807587,-77.896037
"515 W Main St, Uniontown, PA 15401",15401,39.907815,-79.742224
"1005 Trinity Cir, Washington, PA 15301",15301,40.184906,-80.223676
"800 Lehigh Lifestyle Center, Whitehall, PA 18052",18052,40.633703,-75.479314
"10 East End Center, Wilkes-Barre, PA 18702",18702,41.250219,-75.851203
"1951 E 3rd St, Williamsport, PA 17701",17701,41.248613,-76.961761
"945 Woodland Rd, Wyomissing, PA 19610",19610,40.346546,-75.967931
"2555 E Market Street York Co Shopping Center, York, PA 17402",17402,39.975197,-76.676487
"950 Aiken Mall Dr SW, Aiken, SC 29803",29803,33.50789,-81.711876
"3426 Clemson Blvd, Anderson, SC 29621",29621,34.547986,-82.671495
"1270 Knox Abbott Dr, Cayce, SC 29033",29033,33.979132,-81.072291
"2080 Sam Rittenberg Blvd, Charleston, SC 29407",29407,32.792409,-80.031503
"2460 Mall Dr, North Charleston, SC 29406",29406,32.876556,-80.014299
"10136 Two Notch Rd Unit 106, Columbia, SC 29229",29229,34.117286,-80.881545
"2540 David H McLeod Blvd, Florence, SC 29501",29501,34.188277,-79.830783
"1940 Wade Hampton Blvd, Greenville, SC 29615",29615,34.879194,-82.359964
"1616 By-Pass 72 N.E, Greenwood, SC 29649",29649,34.21702,-82.158306
"1230 N Retail Ct, Myrtle Beach, SC 29577",29577,33.706095,-78.920426
"10000 US-17 BUS, Myrtle Beach, SC 29572",29572,33.785554,-78.778432
"170 E Blackstock Rd, Spartanburg, SC 29301",29301,34.930807,-81.989612
"1034 Broad St, Sumter, SC 29150",29150,33.947492,-80.374929
"120 Disk Dr, Rapid City, SD 57701",57701,44.105174,-103.21276
"3901 W 41st St, Sioux Falls, SD 57106",57106,43.513824,-96.773821
"5259 Hickory Hollow Pkwy, Antioch, TN 37013",37013,36.0474,-86.65692
"2200 Bams Dr, Chattanooga, TN 37421",37421,35.038958,-85.157596
"2131 Northgate Mall Lane, Chattanooga, TN 37415",37415,35.133174,-85.240775
"2838 Wilma Rudolph Blvd, Clarksville, TN 37040",37040,36.590298,-87.292712
"1410 Interstate Dr, Cookeville, TN 38501",38501,36.137401,-85.512162
"1718 Galleria Blvd, Franklin, TN 37067",37067,35.964464,-86.810427
"123 Stonebrook Pl, Jackson, TN 38305",38305,35.685682,-88.856578
"1909 N Roan St, Johnson City, TN 37601",37601,36.337524,-82.374024
"8040 Kingston Pike, Knoxville, TN 37919",37919,35.924076,-84.048617
"305 Merchant Dr, Knoxville, TN 37912",37912,36.009883,-83.974845
"359 S Illinois Ave, Oak Ridge, TN 37830",37830,36.007045,-84.254425
"1600 Parkway, Sevierville, TN 37862",37862,35.834295,-83.573168
"1814 Gallatin Pike N, Madison, TN 37115",37115,36.299358,-86.697761
"8161 US-64, Memphis, TN 38133",38133,35.203937,-89.790456
"7750 Winchester Rd, Memphis, TN 38125",38125,35.049825,-89.804874
"401 S Mt Juliet Rd STE 120, Mt. Juliet, TN 37122",37122,36.167979,-86.512924
"1745 Old Fort Pkwy, Murfreesboro, TN 37129",37129,35.845243,-86.419568
"1947 N Jackson St, Tullahoma, TN 37388",37388,35.386025,-86.234009
"1280 S Clack St, Abilene, TX 79605",79605,32.436488,-99.78774
"3311 I-40 W, Amarillo, TX 79109",79109,35.191084,-101.875182
"4233 S Cooper St, Arlington, TX 76015",76015,32.678214,-97.134486
"3815 S Lamar Blvd, Austin, TX 78704",78704,30.237734,-97.789567
"2702 A, Parker Dr, Round Rock, TX 78681",78681,30.480651,-97.682382
"109 W Anderson Ln, Austin, TX 78752",78752,30.343625,-97.7060922
"4717 Highway 10, Baytown, TX 77521",77521,29.804571,-94.987262
"2820 IH-10 East, Beaumont, TX 77703",77703,30.096927,-94.132285
"1075 FM802, Brownsville, TX 78521",78521,25.949847,-97.503866
"1175 N Burleson Blvd, Burleson, TX 76028",76028,32.569146,-97.319729
"1200 University Dr, College Station, TX 77840",77840,30.636003,-96.319554
"2944 Interstate 45 N, Conroe, TX 77303",77303,30.346264,-95.481993
"5825 S Padre Island Dr, Corpus Christi, TX 78412",78412,27.704872,-97.365904
"9069 Vantage Point Dr, Dallas, TX 75243",75243,32.917154,-96.745682
"3906 Towne Crossing Blvd, Mesquite, TX 75150",75150,32.818555,-96.630881
"10290 E Technology Blvd E, Dallas, TX 75220",75220,32.862892,-96.896528
"2801 S Interstate 35 E, Denton, TX 76210",76210,33.183221,-97.102309
"603 N, S Cockrell Hill Rd, Duncanville, TX 75116",75116,32.657982,-96.891844
"8401 Gateway Blvd W, El Paso, TX 79925",79925,31.7753,-106.38357
"1860 Joe Battle Blvd, El Paso, TX 79936",79936,31.756961,-106.266959
"800 Sunland Park Dr, El Paso, TX 79912",79912,31.816567,-106.547081
"4805 S Hulen St, Fort Worth, TX 76132",76132,32.67675,-97.395462
"7800 Bedford Euless Rd, North Richland Hills, TX 76180",76180,32.833864,-97.211529
"4205 W Airport Fwy, Irving, TX 75062",75062,32.838366,-97.010037
"3056 Preston Rd, Frisco, TX 75034",75034,33.103328,-96.804919
"7601 Wesley St, Greenville, TX 75402",75402,33.093578,-96.109226
"2760 S Texas 6, Houston, TX 77082",77082,29.729814,-95.644893
"13232 Northwest Fwy, Houston, TX 77040",77040,29.847458,-95.501408
"302 Farm to Market 1960 Rd W, Houston, TX 77090",77090,30.020533,-95.433275
"20414 US-59 N, Humble, TX 77338",77338,30.011744,-95.263903
"888 Bay Area Blvd, Webster, TX 77598",77598,29.543423,-95.137183
"25408 Bell Patna Dr, Katy, TX 77494",77494,29.777652,-95.813586
"2323 Hwy 6, Sugar Land, TX 77478",77478,29.597503,-95.618444
"4002 Spencer Hwy, Pasadena, TX 77504",77504,29.664769,-95.183304
"1001 E Central Texas Expy, Killeen, TX 76541",76541,31.09542,-97.731333
"104 HWY 332 W, Lake Jackson, TX 77566",77566,29.047881,-95.456909
"5315 San Dario Ave, Laredo, TX 78041",78041,27.551932,-99.502965
"2497 S Stemmons Fwy, Lewisville, TX 75067",75067,33.003036,-96.966857
"3515 McCann Rd, Longview, TX 75605",75605,32.540466,-94.75482
"5034 50th St, Lubbock, TX 79414",79414,33.549397,-101.921138
"1919 S 1st St, Lufkin, TX 75901",75901,31.310591,-94.726514
"7617 N 10th St, McAllen, TX 78504",78504,26.272282,-98.218756
"701 W Expy 83, McAllen, TX 78503",78503,26.18835,-98.229655
"4536 E University Blvd, Odessa, TX 79762",79762,31.878778,-102.329914
"11104 Broadway St, Pearland, TX 77584",77584,29.555135,-95.391659
"3501 Central Expy, Plano, TX 75023",75023,33.044466,-96.701671
"4401 Kemp Blvd, Wichita Falls, TX 76308",76308,33.863533,-98.535422
"8210 I-H 35 North, San Antonio, TX 78239",78239,29.512894,-98.396231
"3909 Sunset Dr, San Angelo, TX 76904",76904,31.428023,-100.495563
"5815 N Loop 1604 W, San Antonio, TX 78249",78249,29.591579,-98.601561
"4550 Northwest Loop 410, San Antonio, TX 78229",78229,29.488817,-98.57235
"17415 US-281 North, San Antonio, TX 78232",78232,29.602484,-98.471365
"1381 SW Loop 410, San Antonio, TX 78227",78227,29.419934,-98.650435
"7835 Interstate 35 Access Rd, San Antonio, TX 78224",78224,29.350613,-98.536009
"100 N Interstate 35 Frontage Rd, San Marcos, TX 78666",78666,29.868324,-97.938375
"18446 Interstate 45 S, Shenandoah, TX 77384",77384,30.188333,-95.453809
"3600 N, US-75, Sherman, TX 75090",75090,33.677216,-96.610155
"3002 St Michael Dr, Texarkana, TX 75503",75503,33.461168,-94.0786
"1500 W SW Loop 323, Tyler, TX 75701",75701,32.303013,-95.318089
"7404 Zac Lentz Pkwy, Victoria, TX 77904",77904,28.864816,-96.995805
"5925 W Waco Dr, Waco, TX 76710",76710,31.514011,-97.188079
"979 N 400 W, Layton, UT 84041",84041,41.074436,-111.974549
"298 E Winchester St, Murray, UT 84107",84107,40.632109,-111.881991
"1261 S 800 E, Orem, UT 84097",84097,40.273564,-111.675526
"263 N, Red Cliffs Dr, St. George, UT 84790",84790,37.112426,-113.554409
"2294 1300 E, Salt Lake City, UT 84106",84106,40.720633,-111.854114
"555 S Van Dorn St, Alexandria, VA 22304",22304,38.805088,-77.134494
"3167 Linden Dr, Bristol, VA 24202",24202,36.629216,-82.126305
"1648 Rio Rd E, Charlottesville, VA 22901",22901,38.080075,-78.47346
"4115 Chesapeake Square Blvd, Chesapeake, VA 23321",23321,36.825363,-76.40997
"75 Peppers FRY RD NW, Christiansburg, VA 24073",24073,37.163912,-80.425374
"119 Temple Lake Dr, Colonial Heights, VA 23834",23834,37.253857,-77.385849
"370 Mall Dr, Danville, VA 24540",24540,36.596107,-79.421223
"10325 Fairfax Blvd, Fairfax, VA 22030",22030,38.859982,-77.300925
"3109 Spotsylvania Mall Dr, Fredericksburg, VA 22407",22407,38.292693,-77.517553
"1046 W Mercury Blvd, Hampton, VA 23666",23666,37.043034,-76.38374
"2121 E Market St, Harrisonburg, VA 22801",22801,38.424566,-78.839906
"3425 Candlers Mountain Rd, Lynchburg, VA 24502",24502,37.366185,-79.174248
"7505 Broken Branch Ln, Manassas, VA 20109",20109,38.791656,-77.514797
"13236 Rittenhouse Dr, Midlothian, VA 23112",23112,37.416212,-77.640357
"12580 Jefferson Ave, Newport News, VA 23602",23602,37.131484,-76.513834
"8009 W Broad St, Richmond, VA 23294",23294,37.6251,-77.53076
"4415 S Laburnum Ave, Richmond, VA 23231",23231,37.529656,-77.357935
"3529 Franklin Rd SW, Roanoke, VA 24014",24014,37.237607,-79.968731
"1477 Greenville Ave, Staunton, VA 24401",24401,38.123085,-79.065084
"21065 Dulles Town Center, Sterling, VA 20166",20166,39.028425,-77.424171
"709 Independence Blvd, Virginia Beach, VA 23455",23455,36.863187,-76.132716
"Lynnhaven Mall, 821 Lynnhaven Pkwy, Virginia Beach, VA 23452",23452,36.81291,-76.069704
"1956 Laskin Rd, Virginia Beach, VA 23454",23454,36.8476587,-76.0359513
"3311 Shore Dr, Virginia Beach, VA 23451",23451,36.9060826,-76.0864067
"2865 Lynnhaven Dr A5, Virginia Beach, VA 23451",23451,36.9072187,-76.0685662
"308 Mediterranean Ave, Virginia Beach, VA 23451",23451,36.8317041,-75.9782013
"2165 General Booth Blvd STE 154, Virginia Beach, VA 23454",23454,36.7653439,-76.0152092
"227 Mediterranean Ave, Virginia Beach, VA 23451",23451,36.831084,-75.977238
"2100 Richmond Rd, Williamsburg, VA 23185",23185,37.299749,-76.728324
"2400 S Pleasant Valley Rd, Winchester, VA 22601",22601,39.15531,-78.174569
"2544 Prince William Pkwy, Woodbridge, VA 22192",22192,38.652272,-77.288658
"2006 S 320th St, Federal Way, WA 98003",98003,47.315519,-122.307745
"203 Three Rivers Dr, Kelso, WA 98626",98626,46.143342,-122.8998779
"1120 N Columbia Center Blvd, Kennewick, WA 99336",99336,46.222671,-119.222695
"4231 196th St SW, Lynnwood, WA 98036",98036,47.821342,-122.290962
"4505 Martin Way E, Olympia, WA 98516",98516,47.048028,-122.82499
"3208 NW Randall Way, Silverdale, WA 98383",98383,47.660166,-122.693717
"4703 N Division St, Spokane, WA 99207",99207,47.701056,-117.411557
"1929 S 72nd St, Tacoma, WA 98408",98408,47.192077,-122.460999
"8219 NE Vancouver Mall Dr, Vancouver, WA 98662",98662,45.656458,-122.5884553
"905 N 1st St, Yakima, WA 98901",98901,46.613916,-120.511168
"101 Cross Terrace Blvd, Charleston, WV 25309",25309,38.317609,-81.716958
"200 10th St, Huntington, WV 25701",25701,38.423513,-82.442233
"1512 University Town Centre Dr, Morgantown, WV 26501",26501,39.655013,-80.005177
"3705 Murdock Avenue, Parkersburg, WV 26101",26101,39.29717,-81.547218
"1200 N Casaloma Dr, Appleton, WI 54913",54913,44.272476,-88.475569
"1251 Lombardi Access Rd, Ashwaubenon, WI 54304",54304,44.5064437,-88.0737008
"1019 W Clairemont Ave, Eau Claire, WI 54701",54701,44.792153,-91.514552
"4645 S 76th St, Greenfield, WI 53220",53220,42.960442,-88.008841
"4502 E Towne Blvd, Madison, WI 53704",53704,43.127969,-89.307357
"2800 S Green Bay Rd, Mt Pleasant, WI 53406",53406,42.698815,-87.854399
"2801 N Mayfair Rd, Wauwatosa, WI 53222",53222,43.069214,-88.04852
"5010 E 2nd St, Casper, WY 82609",82609,42.848222,-106.258165
"1923 Dell Range Blvd, Cheyenne, WY 82009",82009,41.159724,-104.794425